Index.SNP,Ensembl.ID,Symbol.ID,gene_biotype,Extended.GWAS,FINEMAPk3.5,nonsynPP0.10,UTRPP0.10,k3.5singleGene,SMRpsych,SMRfetal,SMRblood,SMRmap,SMRsingleGene,HI.C.SMR,adultFUSION.testable,sig.adultFUSION,fetalFUSION.testable,sig.fetalFUSION,EpiXcan.testable.gene.filtered,sig.EpiXcan.gene.filtered,EpiXcan.testable.trans.filtered,sig.EpiXcan.trans.filtered,SynGO.GeneSetMemb,CNS.GeneSetMemb,GO.GeneSetMemb,pLI.GeneSetMemb,SCHEMA,ASD,DDD,Prioritised
rs1790135,ENSG00000150967,ABCB9,protein_coding,YES,0,0,0,0,0,1,0,0,0,0,1,1,1,1,1,1,1,1,0,0,0,0,0,0,0,0
rs2238304,ENSG00000140526,ABHD2,protein_coding,YES,1,0,0,0,0,0,0,0,0,0,1,0,0,0,1,0,0,0,0,0,0,0,0,0,0,0
rs6969410,ENSG00000226965,AC003088.1,lincRNA,YES,1,0,0,0,0,0,0,0,0,0,0,0,0,0,0,0,0,0,0,0,0,0,0,0,0,0
rs1589726,ENSG00000230853,AC004159.1,pseudogene,YES,1,0,0,0,0,0,0,0,0,0,0,0,0,0,0,0,0,0,0,0,0,0,0,0,0,0
rs10069930,ENSG00000248106,AC005609.2,pseudogene,YES,1,0,0,0,0,0,0,0,0,0,0,0,0,0,0,0,0,0,0,0,0,0,0,0,0,0
rs758749,ENSG00000268352,AC007228.5,lincRNA,YES,1,0,0,0,0,0,0,0,0,0,0,0,0,0,0,0,0,0,0,0,0,0,0,0,0,0
rs3770752,ENSG00000232028,AC007391.2,lincRNA,YES,1,0,0,0,0,0,0,0,0,0,0,0,0,0,0,0,0,0,0,0,0,0,0,0,0,0
rs1593304,ENSG00000252811,AC008085.1,miRNA,YES,1,0,0,0,0,0,0,0,0,0,0,0,0,0,0,0,0,0,0,0,0,0,0,0,0,0
rs1593304,ENSG00000233263,AC009518.2,pseudogene,YES,1,0,0,0,0,0,0,0,0,0,0,0,0,0,0,0,0,0,0,0,0,0,0,0,0,0
rs1593304,ENSG00000236386,AC009518.3,pseudogene,YES,1,0,0,0,0,0,0,0,0,0,0,0,0,0,0,0,0,0,0,0,0,0,0,0,0,0
rs1593304,ENSG00000224865,AC009518.4,lincRNA,YES,1,0,0,0,0,0,0,0,0,0,0,0,0,0,0,0,0,0,0,0,0,0,0,0,0,0
rs11740474,ENSG00000251710,AC010295.1,miRNA,YES,1,0,0,0,0,0,0,0,0,0,0,0,0,0,0,0,0,0,0,0,0,0,0,0,0,0
rs2929278,ENSG00000249839,AC011330.5,pseudogene,YES,0,0,0,0,1,0,0,0,0,0,1,1,1,1,1,1,1,1,0,0,0,0,0,0,0,0
rs141216273,ENSG00000230452,AC012457.2,antisense,NO,1,0,0,0,0,0,0,0,0,0,0,0,0,0,0,0,0,0,0,0,0,0,0,0,0,0
rs9287971,ENSG00000227180,AC013467.1,pseudogene,YES,1,0,0,0,0,0,0,0,0,0,0,0,0,0,0,0,0,0,0,0,0,0,0,0,0,0
rs2929278,ENSG00000268488,AC018512.1,protein_coding,YES,1,0,0,0,0,0,0,0,0,0,0,0,0,0,0,0,0,0,0,0,0,0,0,0,0,0
rs12712510,ENSG00000231200,AC068490.2,lincRNA,YES,1,0,0,1,0,0,0,0,0,0,0,0,0,0,0,0,0,0,0,0,0,0,0,0,0,1
rs35045093,ENSG00000240790,AC073934.6,antisense,NO,1,0,0,0,0,0,0,0,0,0,0,0,0,0,0,0,0,0,0,0,0,0,0,0,0,0
rs12474906,ENSG00000205334,AC074091.13,protein_coding,YES,1,0,0,0,0,0,0,0,0,0,0,0,0,0,0,0,0,0,0,0,0,0,0,0,0,0
rs13230189,ENSG00000228031,AC078842.3,lincRNA,YES,1,0,0,0,0,0,0,0,0,0,1,1,0,0,1,1,1,1,0,0,0,0,0,0,0,0
rs12713008,ENSG00000230773,AC079807.4,lincRNA,NO,1,0,0,0,0,0,0,0,0,0,0,0,0,0,0,0,0,0,0,0,0,0,0,0,0,0
rs35792732,ENSG00000237821,AC083873.4,pseudogene,YES,1,0,0,0,0,0,0,0,0,0,0,0,0,0,0,0,0,0,0,0,0,0,0,0,0,0
rs10515678,ENSG00000249484,AC091969.1,lincRNA,YES,1,0,0,0,0,0,0,0,0,0,0,0,0,0,1,0,0,0,0,0,0,0,0,0,0,0
rs35026989,ENSG00000230991,AC092625.1,lincRNA,YES,1,0,0,0,0,0,0,0,0,0,0,0,0,0,0,0,0,0,0,0,0,0,0,0,0,0
rs11638554,ENSG00000225151,AC103965.1,pseudogene,YES,0,0,0,0,0,1,0,0,0,0,1,1,1,1,1,1,1,1,0,0,0,0,0,0,0,0
rs6577597,ENSG00000233133,AC104451.2,pseudogene,YES,1,0,0,0,0,0,0,0,0,0,0,0,0,0,0,0,0,0,0,0,0,0,0,0,0,0
rs62184960,ENSG00000236651,AC104801.1,lincRNA,YES,1,0,0,0,0,0,0,0,0,0,0,0,0,0,0,0,0,0,0,0,0,0,0,0,0,0
rs11136325,ENSG00000264144,AC105049.1,miRNA,YES,1,0,0,0,0,0,0,0,0,0,0,0,0,0,0,0,0,0,0,0,0,0,0,0,0,0
rs28521069,ENSG00000229565,AC108056.1,lincRNA,YES,1,0,0,0,0,0,0,0,0,0,0,0,0,0,0,0,0,0,0,0,0,0,0,0,0,0
rs143116451,ENSG00000256546,AC156455.1,processed_transcript,YES,1,0,0,0,0,0,0,0,0,0,0,0,0,0,0,0,0,0,0,0,0,0,0,0,0,0
rs6504163,ENSG00000159640,ACE,protein_coding,YES,1,0,0,0,1,0,1,1,1,0,1,1,0,0,1,1,1,1,0,1,0,0,0,0,0,1
rs7575796,ENSG00000115073,ACTR1B,protein_coding,YES,1,1,0,0,0,0,0,0,0,0,1,0,0,0,1,0,1,1,0,0,0,0,0,0,0,1
rs11076631,ENSG00000223959,AFG3L1P,pseudogene,YES,1,0,0,0,0,0,0,0,0,0,1,0,0,0,1,0,1,0,0,0,0,0,0,0,0,0
rs6588355,ENSG00000186094,AGBL4,protein_coding,NO,1,0,0,0,0,0,0,0,0,0,1,0,0,0,1,0,1,0,0,0,0,0,0,0,0,0
rs581459,ENSG00000092847,ago-01,protein_coding,YES,1,0,0,0,0,0,0,0,0,0,1,1,0,0,0,0,0,0,0,1,0,1,0,0,0,0
rs581459,ENSG00000126070,ago-03,protein_coding,YES,1,0,0,0,0,0,0,0,0,0,0,0,0,0,0,0,0,0,0,0,0,1,0,0,0,0
rs581459,ENSG00000134698,ago-04,protein_coding,YES,1,0,0,0,0,0,0,0,0,0,0,0,0,0,0,0,0,0,0,0,0,1,0,0,0,0
rs9390083,ENSG00000146416,AIG1,protein_coding,YES,1,0,0,0,0,0,0,0,0,0,1,0,0,0,0,0,1,0,0,0,0,0,0,0,0,0
rs12883788,ENSG00000151320,AKAP6,protein_coding,YES,1,0,0,0,0,0,0,0,0,0,1,0,0,0,1,0,1,0,0,1,1,1,0,0,0,0
rs61833239,ENSG00000117020,AKT3,protein_coding,YES,1,0,0,0,0,0,1,0,1,1,1,1,0,0,0,0,1,1,0,1,0,1,0,0,0,1
rs6546857,ENSG00000116127,ALMS1,protein_coding,YES,1,0,0,0,0,0,0,0,0,0,1,0,0,0,1,1,1,1,0,1,0,0,0,0,0,0
rs6546857,ENSG00000163016,ALMS1P,pseudogene,YES,0,0,0,0,1,0,0,1,1,0,1,1,1,1,1,1,1,1,0,0,0,0,0,0,0,1
rs11638554,ENSG00000136383,ALPK3,protein_coding,YES,1,0,0,0,0,0,0,0,0,0,1,0,0,0,1,0,1,0,0,0,0,0,0,0,0,0
rs12285419,ENSG00000110497,AMBRA1,protein_coding,YES,1,0,0,0,0,0,0,0,0,0,0,0,0,0,0,0,0,0,0,0,0,1,0,0,0,0
rs11076631,ENSG00000167522,ANKRD11,protein_coding,YES,1,0,0,0,0,0,0,0,0,0,0,0,0,0,0,0,1,0,0,1,0,1,0,1,1,0
rs61828917,ENSG00000183831,ANKRD45,protein_coding,YES,1,0,0,0,0,0,0,0,0,0,1,1,0,0,1,1,1,1,0,0,0,0,0,0,0,0
rs4779050,ENSG00000103723,AP3B2,protein_coding,YES,1,0,0,0,0,0,0,0,0,0,1,0,0,0,1,0,1,0,0,1,0,1,0,0,0,0
rs144821294,ENSG00000065000,AP3D1,protein_coding,YES,1,0,0,0,0,0,0,0,0,0,1,0,0,0,1,0,1,0,1,1,1,0,0,0,0,0
rs58950470,ENSG00000254470,AP5B1,protein_coding,YES,1,0,0,0,0,0,0,0,0,0,1,0,0,0,1,0,1,0,0,0,0,0,0,0,0,0
rs10873538,ENSG00000256053,APOPT1,protein_coding,YES,1,0,0,0,0,0,0,0,0,0,1,0,0,0,1,0,1,1,0,0,0,0,0,0,0,0
rs35045093,ENSG00000004059,ARF5,protein_coding,NO,1,0,0,0,0,0,0,0,0,0,0,0,0,0,0,0,0,0,0,0,0,0,0,0,0,0
rs12285419,ENSG00000175220,ARHGAP1,protein_coding,YES,1,0,0,0,0,0,0,0,0,0,1,0,0,0,1,0,0,0,0,0,0,0,0,0,0,0
rs73292401,ENSG00000006740,ARHGAP44,protein_coding,NO,1,0,0,0,0,0,0,0,0,0,1,0,0,0,1,0,1,0,1,1,1,1,0,0,0,0
rs2696466,ENSG00000185829,ARL17A,protein_coding,YES,0,0,0,0,1,0,0,0,0,0,1,1,1,0,1,1,1,1,0,0,0,0,0,0,0,0
rs2532240,ENSG00000228696,ARL17B,protein_coding,YES,1,0,0,0,0,0,0,0,0,0,0,0,1,0,1,0,1,0,0,0,0,0,0,0,0,0
rs79668541,ENSG00000138175,ARL3,protein_coding,YES,1,0,0,0,0,0,0,0,0,0,1,0,0,0,1,1,1,0,0,0,1,0,0,0,0,0
rs6482437,ENSG00000165997,ARL5B,protein_coding,YES,1,0,0,0,0,0,0,0,0,0,0,0,1,0,1,0,0,0,0,0,0,0,0,0,0,0
rs11210892,ENSG00000117407,ARTN,protein_coding,YES,1,0,0,0,0,0,0,0,0,0,1,0,0,0,0,0,0,0,0,0,1,0,0,0,0,0
rs79668541,ENSG00000214435,AS3MT,protein_coding,YES,1,0,0,0,0,0,0,0,0,0,1,1,1,1,1,0,1,0,0,0,0,0,0,0,0,0
rs578470,ENSG00000110881,ASIC1,protein_coding,YES,1,0,0,0,0,0,0,0,0,0,0,0,0,0,1,0,1,0,0,1,0,1,0,0,0,0
rs9925915,ENSG00000174939,ASPHD1,protein_coding,YES,0,0,0,0,1,0,0,0,0,1,1,1,0,0,1,1,1,0,0,0,0,0,0,0,0,1
rs732381,ENSG00000128272,ATF4,protein_coding,YES,1,0,0,0,0,0,0,0,0,0,1,0,0,0,1,0,1,0,0,0,0,0,0,0,0,0
rs12285419,ENSG00000175224,ATG13,protein_coding,YES,1,0,0,0,1,0,0,0,0,1,1,1,0,0,1,1,0,0,0,0,0,1,0,0,0,1
rs4766428,ENSG00000174437,ATP2A2,protein_coding,YES,1,0,0,1,0,0,0,0,0,0,0,0,0,0,0,0,0,0,0,1,0,1,0,0,0,1
rs704364,ENSG00000163635,ATXN7,protein_coding,YES,1,0,0,0,0,0,0,0,0,0,1,1,0,0,0,0,0,0,0,1,0,1,0,0,0,0
rs1440480,ENSG00000109956,B3GAT1,protein_coding,YES,1,0,0,0,0,0,0,0,0,0,1,1,0,0,1,0,1,0,0,1,0,0,0,0,0,0
rs10873538,ENSG00000166170,BAG5,protein_coding,YES,1,0,0,0,0,0,0,0,0,0,1,1,0,0,1,1,0,0,0,0,1,0,0,0,0,0
rs9454727,ENSG00000135298,BAI3,protein_coding,NO,1,0,0,1,0,0,0,0,0,0,0,0,0,0,1,0,0,0,1,0,1,0,0,0,0,0
rs167924,ENSG00000114439,BBX,protein_coding,YES,1,0,0,0,0,0,0,0,0,0,1,0,0,0,1,0,1,0,0,0,0,1,0,0,0,0
rs1540840,ENSG00000127152,BCL11B,protein_coding,YES,1,0,0,1,0,0,0,0,0,0,0,0,0,0,0,0,0,0,0,1,0,1,0,0,1,1
rs2304205,ENSG00000126453,BCL2L12,protein_coding,YES,1,0,1,0,0,0,0,0,0,0,0,0,0,0,0,0,0,0,0,0,0,0,0,0,0,1
rs143116451,ENSG00000110987,BCL7A,protein_coding,YES,1,0,0,0,0,0,0,0,0,0,1,0,0,0,0,0,0,0,0,0,0,0,0,0,0,0
rs10957321,ENSG00000180828,BHLHE22,protein_coding,YES,1,0,0,0,0,0,0,0,0,0,1,0,0,0,0,0,0,0,0,1,0,0,0,0,0,0
rs3808581,ENSG00000104765,BNIP3L,protein_coding,YES,1,0,1,0,0,0,0,0,0,0,1,0,0,0,1,0,0,0,0,0,0,0,0,0,0,1
rs10117,ENSG00000112983,BRD8,protein_coding,YES,1,0,0,0,0,0,0,0,0,0,0,0,0,0,0,0,1,0,0,0,0,0,0,0,0,0
rs12474906,ENSG00000158019,BRE,protein_coding,YES,1,0,0,0,0,0,0,0,0,0,0,0,0,0,0,0,0,0,0,1,0,0,0,0,0,0
rs16851048,ENSG00000198797,BRINP2,protein_coding,YES,1,0,0,0,0,0,0,0,0,0,1,1,0,0,0,0,1,0,0,1,1,1,0,0,0,0
rs7938083,ENSG00000233436,BTBD18,protein_coding,YES,1,0,0,0,0,0,0,0,0,0,0,0,0,0,0,0,0,0,0,0,0,0,0,0,0,0
rs79668541,ENSG00000166275,C10orf32,protein_coding,YES,1,0,0,0,0,0,0,0,0,0,1,0,1,0,1,0,1,0,0,0,0,0,0,0,0,0
rs79668541,ENSG00000120055,C10orf95,protein_coding,YES,1,0,0,0,0,0,0,0,0,0,0,0,0,0,0,0,0,0,0,0,0,0,0,0,0,0
rs7938083,ENSG00000211450,C11orf31,protein_coding,YES,1,0,0,0,0,0,0,0,0,0,0,0,0,0,0,0,0,0,0,0,0,0,0,0,0,0
rs2649999,ENSG00000157895,C12orf43,protein_coding,YES,1,0,1,0,0,0,0,0,0,0,1,0,0,0,1,0,1,0,0,0,0,0,0,0,0,1
rs10873538,ENSG00000156411,C14orf2,protein_coding,YES,1,0,0,0,0,0,0,0,0,0,1,0,0,0,1,0,1,0,0,0,0,0,0,0,0,0
rs12126806,ENSG00000163362,C1orf106,protein_coding,YES,1,0,0,0,0,0,0,0,0,0,1,0,0,0,0,0,0,0,0,0,0,0,0,0,0,0
rs581459,ENSG00000142686,C1orf216,protein_coding,YES,1,0,0,0,0,0,0,0,0,0,1,1,0,0,0,0,0,0,0,0,0,0,0,0,0,0
rs778371,ENSG00000182600,C2orf82,protein_coding,YES,1,0,0,0,0,0,0,0,0,0,1,0,0,0,1,0,1,1,0,0,0,0,0,0,0,0
rs77463171,ENSG00000168748,CA7,protein_coding,NO,1,0,0,0,0,0,0,0,0,0,0,0,0,0,0,0,0,0,0,0,0,0,0,0,0,0
rs10774034,ENSG00000151067,CACNA1C,protein_coding,YES,1,0,0,1,0,0,0,0,0,0,0,0,0,0,0,0,0,0,1,1,1,1,0,0,1,1
rs732381,ENSG00000100346,CACNA1I,protein_coding,YES,1,0,0,0,0,0,0,0,0,0,1,0,0,0,1,1,0,0,0,1,0,1,0,0,0,0
rs12126806,ENSG00000081248,CACNA1S,protein_coding,YES,1,0,0,0,0,0,0,0,0,0,0,0,0,0,0,0,0,0,0,1,1,0,0,0,0,0
rs6482437,ENSG00000165995,CACNB2,protein_coding,YES,1,0,0,0,0,0,0,0,0,0,0,0,0,0,1,0,1,0,1,1,1,0,0,0,0,0
rs2944821,ENSG00000183166,CALN1,protein_coding,YES,1,0,0,1,0,0,0,0,0,0,0,0,0,0,1,1,1,1,0,0,0,0,0,0,0,1
rs2686386,ENSG00000110931,CAMKK2,protein_coding,YES,1,0,0,0,0,0,0,0,0,0,1,0,0,0,1,0,1,0,0,1,0,0,0,0,0,0
rs2929278,ENSG00000166762,CATSPER2,protein_coding,YES,1,0,0,0,0,0,0,0,0,0,1,0,0,0,0,0,1,0,0,0,1,0,0,0,0,0
rs2929278,ENSG00000205771,CATSPER2P1,pseudogene,YES,1,0,0,0,0,0,0,0,0,0,1,0,0,0,1,0,1,1,0,0,0,0,0,0,0,0
rs77463171,ENSG00000249961,CCDC79,protein_coding,NO,1,0,0,0,0,0,0,0,0,0,0,0,0,0,0,0,0,0,0,0,0,0,0,0,0,0
rs12311848,ENSG00000119242,CCDC92,protein_coding,NO,1,0,0,0,0,0,0,0,0,0,1,0,0,0,1,0,1,1,0,0,0,0,0,0,0,0
rs11210892,ENSG00000117399,CDC20,protein_coding,YES,1,0,0,0,0,0,0,0,0,0,1,0,0,0,1,0,1,0,0,0,0,0,0,0,0,0
rs10117,ENSG00000158402,CDC25C,protein_coding,YES,1,0,0,0,0,0,0,0,0,0,1,1,0,0,0,0,0,0,0,0,0,0,0,0,0,0
rs77463171,ENSG00000166589,CDH16,protein_coding,NO,1,1,1,0,0,0,0,0,0,0,0,0,0,0,0,0,0,0,0,0,0,0,0,0,0,0
rs8048039,ENSG00000089486,CDIP1,protein_coding,YES,1,0,0,0,0,0,0,0,0,0,1,0,0,0,1,0,1,1,0,0,0,0,0,0,0,0
rs11076631,ENSG00000185324,CDK10,protein_coding,YES,1,0,0,0,0,0,0,0,0,0,1,0,1,1,1,0,1,0,0,0,0,0,0,0,0,0
rs3770752,ENSG00000218739,CEBPZ-AS1,protein_coding,YES,1,0,0,0,0,0,0,0,0,0,1,0,0,0,1,0,1,1,0,0,0,0,0,0,0,0
rs61828917,ENSG00000120334,CENPL,protein_coding,YES,1,0,0,0,0,0,0,0,0,0,0,0,0,0,0,0,1,0,0,0,0,0,0,0,0,0
rs11076631,ENSG00000131165,CHMP1A,protein_coding,YES,1,0,0,0,0,0,0,0,0,0,1,0,0,0,1,0,0,0,0,0,0,0,0,0,0,0
rs73229090,ENSG00000120903,CHRNA2,protein_coding,YES,1,0,0,0,0,0,0,0,0,0,1,0,0,0,1,0,0,0,0,1,1,0,0,0,0,0
rs2456020,ENSG00000080644,CHRNA3,protein_coding,YES,1,0,0,0,0,0,0,0,0,0,1,0,0,0,0,0,0,0,1,1,1,0,0,0,0,0
rs2456020,ENSG00000169684,CHRNA5,protein_coding,YES,1,0,0,0,0,0,0,0,0,0,1,0,1,0,1,0,1,0,1,1,1,0,0,0,0,0
rs2456020,ENSG00000117971,CHRNB4,protein_coding,YES,1,0,0,0,0,0,0,0,0,0,0,0,0,0,0,0,0,0,1,1,1,0,0,0,0,0
rs1858999,ENSG00000160161,CILP2,protein_coding,YES,1,0,0,0,0,0,0,0,0,0,1,0,0,0,0,0,0,0,0,0,0,0,0,0,0,0
rs6839635,ENSG00000145354,CISD2,protein_coding,YES,1,0,0,0,1,0,1,1,0,0,1,1,0,0,1,1,1,1,0,1,0,0,0,0,0,1
rs10873538,ENSG00000166165,CKB,protein_coding,YES,1,0,0,0,0,0,0,0,0,0,0,0,0,0,0,0,1,0,0,1,0,0,0,0,0,0
rs61405217,ENSG00000109572,CLCN3,protein_coding,YES,1,0,0,0,1,0,0,0,1,1,1,1,0,0,1,1,1,1,1,1,1,1,0,0,0,1
rs2649999,ENSG00000231313,CLIC1P1,pseudogene,YES,1,0,0,0,0,0,0,0,0,0,0,0,0,0,0,0,0,0,0,0,0,0,0,0,0,0
rs581459,ENSG00000092853,CLSPN,protein_coding,YES,1,0,0,0,0,0,0,0,0,0,1,1,0,0,0,0,0,0,0,0,0,1,0,0,0,0
rs73229090,ENSG00000120885,CLU,protein_coding,YES,1,0,0,0,0,0,0,0,0,0,1,0,0,0,0,0,1,0,1,0,1,0,0,0,0,0
rs12008603,ENSG00000149970,CNKSR2,protein_coding,YES,1,0,0,0,0,0,0,0,0,0,0,0,0,0,0,0,0,0,1,0,0,1,0,0,1,0
rs79668541,ENSG00000148842,CNNM2,protein_coding,YES,1,0,0,0,0,0,0,0,0,0,1,1,0,0,1,1,1,1,0,1,0,1,0,0,0,0
rs7575796,ENSG00000168763,CNNM3,protein_coding,YES,1,0,0,0,0,0,0,0,0,0,0,0,0,0,1,0,1,0,0,0,0,0,0,0,0,0
rs154433,ENSG00000125107,CNOT1,protein_coding,YES,1,0,0,0,0,0,0,0,0,0,1,0,0,0,1,0,1,0,0,0,0,1,0,0,0,0
rs17194490,ENSG00000144619,CNTN4,protein_coding,YES,1,0,0,1,0,0,0,0,0,0,0,0,0,0,1,0,0,0,0,0,1,1,0,0,0,1
rs2914983,ENSG00000115520,COQ10B,protein_coding,YES,1,0,0,0,0,0,0,0,0,0,1,0,0,0,0,0,0,0,0,0,0,0,0,0,0,0
rs8048039,ENSG00000103426,CORO7-PAM16,protein_coding,YES,1,0,0,0,0,0,0,0,0,0,0,0,0,0,0,0,0,0,0,0,0,0,0,0,0,0
rs4779050,ENSG00000214575,CPEB1,protein_coding,YES,1,0,0,0,0,0,0,0,0,0,1,0,0,0,1,0,0,0,1,1,1,1,0,0,0,0
rs11076631,ENSG00000178773,CPNE7,protein_coding,YES,1,0,0,0,0,0,0,0,0,0,1,1,0,0,1,1,1,1,0,0,0,0,0,0,0,0
rs12285419,ENSG00000157613,CREB3L1,protein_coding,YES,1,0,0,0,0,0,0,0,0,0,0,0,0,0,0,0,0,0,0,0,0,0,0,0,0,0
rs10127983,ENSG00000143578,CREB3L4,protein_coding,YES,1,0,0,0,0,0,1,0,1,0,1,0,1,1,1,1,0,0,0,0,0,0,0,0,0,1
rs2532240,ENSG00000120088,CRHR1,protein_coding,YES,1,0,0,0,1,0,0,0,0,1,1,1,0,0,1,1,1,1,0,1,1,0,0,0,0,1
rs2532240,ENSG00000204650,CRHR1-IT1,pseudogene,YES,1,0,0,0,1,0,0,0,0,0,1,1,0,0,1,1,1,1,0,0,0,0,0,0,0,0
rs10127983,ENSG00000160741,CRTC2,protein_coding,YES,1,0,0,0,0,0,0,0,0,0,0,0,0,0,0,0,0,0,0,0,0,1,0,0,0,0
rs2224086,ENSG00000009307,CSDE1,protein_coding,NO,1,0,0,0,0,0,0,0,0,0,1,1,0,0,1,1,1,0,0,0,0,1,0,0,0,0
8:4180090_T_A,ENSG00000183117,CSMD1,protein_coding,YES,1,0,0,1,0,0,0,0,0,0,0,0,0,0,1,0,1,0,0,0,0,0,0,0,0,1
rs11638554,ENSG00000259726,CSPG4P11,pseudogene,YES,0,0,0,0,0,1,0,0,0,0,1,1,1,1,1,1,1,1,0,0,0,0,0,0,0,0
rs9569820,ENSG00000214335,CTAGE16P,pseudogene,YES,1,0,0,0,0,0,0,0,0,0,0,0,0,0,0,0,0,0,0,0,0,0,0,0,0,0
rs9687282,ENSG00000249526,CTB-35F21.1,lincRNA,YES,1,0,0,0,0,0,0,0,0,0,0,0,0,0,0,0,0,0,0,0,0,0,0,0,0,0
rs115325222,ENSG00000250156,CTC-498M16.2,lincRNA,YES,1,0,0,0,0,0,0,0,0,0,1,0,0,0,1,0,0,0,0,0,0,0,0,0,0,0
rs715170,ENSG00000206129,CTD-2008L17.2,lincRNA,YES,1,0,0,1,0,0,0,0,0,0,0,0,0,0,0,0,0,0,0,0,0,0,0,0,0,1
rs10873538,ENSG00000258534,CTD-2134A5.4,lincRNA,YES,1,0,0,0,0,0,0,0,0,0,0,0,0,0,0,0,0,0,0,0,0,0,0,0,0,0
rs115325222,ENSG00000250831,CTD-2232E5.2,lincRNA,YES,1,0,0,0,0,0,0,0,0,0,0,0,0,0,0,0,0,0,0,0,0,0,0,0,0,0
rs12431743,ENSG00000258923,CTD-2320B12.1,pseudogene,YES,1,0,0,0,0,0,0,0,0,0,0,0,0,0,0,0,0,0,0,0,0,0,0,0,0,0
rs12431743,ENSG00000259012,CTD-2320B12.2,pseudogene,YES,1,0,0,0,0,0,0,0,0,0,0,0,0,0,0,0,0,0,0,0,0,0,0,0,0,0
rs6504163,ENSG00000228979,CTD-2501B8.5,pseudogene,YES,1,0,0,0,0,0,0,0,0,0,0,0,0,0,0,0,0,0,0,0,0,0,0,0,0,0
rs10086619,ENSG00000253107,CTD-2544L4.1,pseudogene,YES,1,0,0,0,0,0,0,0,0,0,0,0,0,0,0,0,0,0,0,0,0,0,0,0,0,0
rs9687282,ENSG00000272255,CTD-3224K15.3,lincRNA,YES,1,0,0,0,0,0,0,0,0,0,0,0,0,0,0,0,0,0,0,0,0,0,0,0,0,0
rs7938083,ENSG00000198561,CTNND1,protein_coding,YES,1,0,0,0,0,0,0,0,0,0,0,0,0,0,1,1,1,1,1,0,0,1,0,0,0,0
rs72974269,ENSG00000036257,CUL3,protein_coding,YES,1,0,0,0,0,0,0,0,0,0,1,0,0,0,1,0,1,1,1,0,0,1,0,0,1,0
rs113113059,ENSG00000112659,CUL9,protein_coding,YES,1,1,0,1,1,0,1,0,1,1,0,0,0,0,1,1,1,1,0,1,0,1,0,0,0,1
rs9687282,ENSG00000171604,CXXC5,protein_coding,YES,1,0,0,0,0,0,0,0,0,0,0,0,0,0,0,0,1,1,0,0,0,0,0,0,0,0
rs10957321,ENSG00000172817,CYP7B1,protein_coding,YES,1,0,0,0,1,0,0,0,1,1,1,0,0,0,1,1,1,1,0,0,0,0,0,0,0,1
rs61828917,ENSG00000117593,DARS2,protein_coding,YES,1,0,0,0,1,0,0,0,0,1,1,1,0,0,1,1,0,0,0,1,0,0,0,0,0,1
rs11076631,ENSG00000003249,DBNDD1,protein_coding,YES,1,0,0,0,0,0,0,0,0,0,1,0,0,0,1,0,1,0,0,0,0,0,0,0,0,0
rs4632195,ENSG00000187323,DCC,protein_coding,YES,1,0,0,1,0,0,0,0,0,0,1,0,0,0,1,0,1,0,1,1,1,1,0,0,0,1
rs4678552,ENSG00000163673,DCLK3,protein_coding,YES,0,0,0,0,1,0,0,1,1,0,1,1,0,0,1,1,1,1,0,0,0,0,0,0,0,1
rs7816998,ENSG00000085788,DDHD2,protein_coding,YES,1,0,0,0,1,0,0,0,0,1,1,1,1,1,1,1,1,1,0,0,0,0,0,0,0,1
rs11076631,ENSG00000140995,DEF8,protein_coding,YES,1,0,0,0,0,0,0,0,0,0,1,0,0,0,1,0,1,0,0,0,0,0,0,0,0,0
rs10127983,ENSG00000198837,DENND4B,protein_coding,YES,1,0,0,0,0,0,0,0,0,0,0,0,0,0,0,0,1,0,0,0,0,1,0,0,0,0
rs79210963,ENSG00000105928,DFNA5,protein_coding,YES,1,0,0,0,0,0,0,0,0,0,1,0,0,0,1,0,1,0,0,0,0,0,0,0,0,0
rs13230189,ENSG00000157680,DGKI,protein_coding,YES,1,0,0,0,0,0,0,0,0,0,1,1,0,0,0,0,0,0,1,0,1,0,0,0,0,0
rs12285419,ENSG00000149091,DGKZ,protein_coding,YES,1,0,0,0,0,0,0,0,0,0,1,0,0,0,1,0,1,1,1,1,0,1,0,0,0,0
rs2600490,ENSG00000198010,DLGAP2,protein_coding,YES,1,0,0,1,0,0,0,0,0,0,1,0,0,0,1,0,0,0,1,1,0,1,0,0,0,1
rs62184960,ENSG00000144355,DLX1,protein_coding,YES,1,0,0,0,0,0,0,0,0,0,0,0,0,0,0,0,0,0,0,0,1,1,0,0,0,0
rs62184960,ENSG00000115844,DLX2,protein_coding,YES,1,0,0,0,0,0,0,0,0,0,0,0,0,0,0,0,0,0,0,1,1,0,0,0,0,0
rs12311848,ENSG00000197653,DNAH10,protein_coding,NO,1,0,0,0,0,0,0,0,0,0,1,0,0,0,1,0,1,0,0,0,0,0,0,0,0,0
rs8048039,ENSG00000103423,DNAJA3,protein_coding,YES,1,0,0,0,1,0,0,0,1,1,1,1,0,0,1,1,1,1,0,0,1,0,0,0,0,1
rs11122119,ENSG00000007923,DNAJC11,protein_coding,YES,1,0,0,0,0,0,0,0,0,0,1,0,0,0,1,1,1,1,0,0,0,1,0,0,0,0
rs2532240,ENSG00000264070,DND1P1,pseudogene,YES,1,0,0,0,0,1,0,0,0,0,1,1,1,1,1,1,1,0,0,0,0,0,0,0,0,0
rs141216273,ENSG00000119772,DNMT3A,protein_coding,NO,1,0,0,0,0,0,0,0,0,0,0,0,0,0,0,0,1,0,0,0,0,0,0,1,1,0
rs3814883,ENSG00000149927,DOC2A,protein_coding,YES,1,0,0,0,0,0,0,0,0,0,1,1,0,0,1,1,1,1,1,1,1,0,0,0,0,0
rs144821294,ENSG00000104885,DOT1L,protein_coding,YES,1,0,0,0,0,0,0,0,0,0,1,0,0,0,1,0,1,0,0,1,0,1,0,0,0,0
rs11076631,ENSG00000015413,DPEP1,protein_coding,YES,1,0,0,0,0,0,0,0,0,0,0,0,0,0,0,0,0,0,0,0,0,0,0,0,0,0
rs72728416,ENSG00000188641,DPYD,protein_coding,YES,1,0,0,1,0,0,0,0,0,0,0,0,0,0,0,0,1,1,0,0,0,0,0,0,0,1
rs2514218,ENSG00000149295,DRD2,protein_coding,YES,1,0,0,0,0,0,0,0,0,0,1,0,0,0,0,0,0,0,1,1,1,0,0,0,0,0
rs141216273,ENSG00000138101,DTNB,protein_coding,NO,1,0,0,0,0,0,0,0,0,0,1,0,0,0,1,0,1,0,0,0,0,0,0,0,0,0
rs77463171,ENSG00000135720,DYNC1LI2,protein_coding,NO,1,0,0,0,0,0,0,0,0,0,0,0,0,0,0,0,1,0,0,0,0,0,0,0,0,0
rs252812,ENSG00000184349,EFNA5,protein_coding,YES,1,0,0,0,0,0,0,0,0,0,1,0,0,0,0,0,0,0,1,0,1,0,0,0,0,0
rs11638554,ENSG00000259404,EFTUD1P1,pseudogene,YES,0,0,0,0,1,0,0,0,0,0,1,1,0,0,1,1,1,1,0,0,0,0,0,0,0,0
rs11638554,ENSG00000254779,EGLN1P1,pseudogene,YES,1,0,0,0,0,0,0,0,0,0,0,0,0,0,0,0,0,0,0,0,0,0,0,0,0,0
rs10117,ENSG00000120738,EGR1,protein_coding,YES,1,0,0,0,0,0,0,0,0,0,0,0,0,0,0,0,0,0,0,1,0,0,0,0,0,0
rs10873538,ENSG00000100664,EIF5,protein_coding,YES,1,0,0,0,0,0,0,0,0,0,1,0,0,0,1,0,1,1,0,0,0,1,0,0,0,0
rs73292401,ENSG00000006744,ELAC2,protein_coding,NO,1,0,1,0,0,0,0,0,0,0,1,1,0,0,1,1,1,1,0,0,0,0,0,0,0,0
rs6588355,ENSG00000162374,ELAVL4,protein_coding,NO,1,0,0,0,0,0,0,0,0,0,1,0,0,0,1,0,1,0,1,1,0,1,0,0,0,0
rs2929278,ENSG00000128886,ELL3,protein_coding,YES,1,0,0,0,0,0,0,0,0,0,0,0,0,0,0,0,0,0,0,0,0,0,0,0,0,0
rs11210892,ENSG00000066322,ELOVL1,protein_coding,YES,1,0,0,0,0,0,0,0,0,0,1,0,0,0,1,0,1,0,0,0,0,0,0,0,0,0
rs8175378,ENSG00000170571,EMB,protein_coding,YES,1,0,0,0,1,0,0,0,1,0,1,1,0,0,1,1,1,1,0,0,0,0,0,0,0,1
rs999494,ENSG00000135638,EMX1,protein_coding,YES,1,0,1,0,0,0,0,0,0,0,0,0,0,0,0,0,1,1,0,0,0,0,0,0,0,1
rs11619756,ENSG00000120658,ENOX1,protein_coding,YES,1,0,0,1,0,0,0,0,0,0,1,0,0,0,0,0,1,0,0,0,0,0,0,0,0,1
rs959071,ENSG00000262319,ENSG00000262319,antisense,YES,0,0,0,0,0,0,1,0,1,0,1,0,0,0,1,0,1,0,0,0,0,0,0,0,0,1
rs2696466,ENSG00000265315,ENSG00000265315,misc_RNA,YES,0,0,0,0,0,1,0,0,0,0,1,1,1,0,1,1,1,1,0,0,0,0,0,0,0,0
rs2696466,ENSG00000265411,ENSG00000265411,misc_RNA,YES,0,0,0,0,0,1,0,0,0,0,1,1,1,1,1,1,1,1,0,0,0,0,0,0,0,0
rs2696466,ENSG00000266504,ENSG00000266504,pseudogene,YES,0,0,0,0,0,1,0,0,0,0,0,0,1,1,0,0,0,0,0,0,0,0,0,0,0,0
rs2696466,ENSG00000278770,ENSG00000278770,misc_RNA,YES,0,0,0,0,0,1,0,0,0,0,0,0,1,1,0,0,0,0,0,0,0,0,0,0,0,0
rs73229090,ENSG00000120915,EPHX2,protein_coding,YES,1,0,0,0,0,0,0,0,0,0,1,0,0,0,1,0,1,0,0,0,0,0,0,0,0,0
rs4073003,ENSG00000072134,EPN2,protein_coding,YES,1,0,0,1,0,0,0,0,0,0,0,0,0,0,0,0,0,0,0,0,0,0,0,0,0,1
rs1940171,ENSG00000149564,ESAM,protein_coding,YES,1,0,0,0,0,0,0,0,0,0,0,0,0,0,0,0,0,0,0,0,0,0,0,0,0,0
rs10117,ENSG00000120705,ETF1,protein_coding,YES,1,0,0,0,0,0,0,0,0,0,1,1,0,0,0,0,0,0,0,0,0,1,0,0,0,0
rs35792732,ENSG00000131558,EXOC4,protein_coding,YES,1,0,0,0,0,0,0,0,0,0,1,0,0,0,1,0,1,0,1,0,1,0,0,0,0,0
rs6925079,ENSG00000188107,EYS,protein_coding,YES,1,0,0,1,0,0,0,0,0,0,0,0,0,0,0,0,0,0,0,0,0,0,0,0,0,1
rs7575796,ENSG00000144199,FAHD2B,protein_coding,YES,1,0,0,0,0,0,0,0,0,0,1,0,0,0,1,0,1,0,0,0,0,0,0,0,0,0
rs9607782,ENSG00000177096,FAM109B,protein_coding,YES,0,0,0,0,1,0,1,0,0,0,1,1,0,0,1,1,1,1,0,0,0,0,0,0,0,0
rs815609,ENSG00000055147,FAM114A2,protein_coding,YES,0,0,0,0,1,0,0,0,0,1,1,1,0,0,1,0,1,0,0,0,0,0,0,0,0,1
rs6479487,ENSG00000048828,FAM120A,protein_coding,YES,1,0,0,0,0,0,0,0,0,0,0,0,0,0,0,0,1,0,0,1,0,1,1,0,0,0
rs6479487,ENSG00000188938,FAM120AOS,protein_coding,YES,1,0,0,0,0,0,0,0,0,0,1,0,0,0,1,0,1,0,0,0,0,0,0,0,0,0
rs7575796,ENSG00000168754,FAM178B,protein_coding,YES,1,0,0,0,0,0,0,0,0,0,0,0,0,0,0,0,0,0,0,0,0,0,0,0,0,0
rs578470,ENSG00000185958,FAM186A,protein_coding,YES,1,0,0,0,0,0,0,0,0,0,0,0,0,0,0,0,0,0,0,0,0,0,0,0,0,0
rs2696466,ENSG00000232300,FAM215B,sense_intronic,YES,0,0,0,0,1,0,0,0,0,0,1,1,0,0,1,1,1,1,0,0,0,0,0,0,0,0
rs4766428,ENSG00000204856,FAM216A,protein_coding,YES,0,0,0,0,0,0,1,0,0,1,1,0,0,0,1,0,0,0,0,0,0,0,0,0,0,1
rs10117,ENSG00000120709,FAM53C,protein_coding,YES,1,0,0,0,0,0,0,0,0,0,1,0,0,0,1,0,1,1,0,0,0,0,0,0,0,0
rs1006945,ENSG00000101447,FAM83D,protein_coding,YES,0,0,0,0,0,0,1,0,1,0,1,0,0,0,1,0,0,0,0,0,0,0,0,0,0,1
rs11076631,ENSG00000187741,FANCA,protein_coding,YES,1,0,0,0,0,0,0,0,0,0,1,1,0,0,1,0,1,0,0,0,0,0,0,0,0,0
rs2238304,ENSG00000140525,FANCI,protein_coding,YES,1,0,0,0,0,0,0,0,0,0,1,0,0,0,0,0,0,0,0,0,0,0,0,0,0,0
rs2717003,ENSG00000115392,FANCL,protein_coding,YES,1,0,0,0,0,0,0,0,0,0,1,1,0,0,1,0,1,0,0,0,0,0,0,0,0,0
rs7816998,ENSG00000077782,FGFR1,protein_coding,YES,1,0,0,0,0,0,0,0,0,0,1,0,0,0,1,0,1,1,0,0,1,1,0,0,0,0
rs9813516,ENSG00000189283,FHIT,protein_coding,NO,1,0,0,1,0,0,0,0,0,0,1,0,0,0,1,0,1,0,0,0,0,0,0,0,0,0
rs12713008,ENSG00000170802,FOXN2,protein_coding,NO,1,0,0,0,0,0,0,0,0,0,0,0,0,0,1,0,1,0,0,0,0,0,0,0,0,0
rs2153960,ENSG00000118689,FOXO3,protein_coding,YES,1,0,0,0,0,0,0,0,0,0,0,0,0,0,1,0,0,0,0,1,0,0,0,0,0,0
rs60135207,ENSG00000114861,FOXP1,protein_coding,NO,1,0,0,1,0,0,0,0,0,0,0,0,0,0,0,0,0,0,0,0,0,1,0,1,1,0
rs2929278,ENSG00000171877,FRMD5,protein_coding,YES,1,0,0,0,0,0,0,0,0,0,1,0,0,0,0,0,0,0,0,0,0,1,0,0,0,0
rs2361468,ENSG00000169933,FRMPD4,protein_coding,YES,1,0,0,0,0,0,0,0,0,0,0,0,0,0,0,0,0,0,1,1,1,1,0,0,0,0
rs58120505,ENSG00000122687,FTSJ2,protein_coding,YES,0,0,0,0,1,0,1,0,1,0,1,1,0,0,1,1,1,1,0,0,0,0,0,0,0,1
rs4702,ENSG00000140564,FURIN,protein_coding,YES,1,0,1,1,1,0,0,0,1,0,1,1,0,0,1,1,1,1,0,0,0,1,0,0,0,1
rs79445414,ENSG00000172728,FUT10,protein_coding,YES,1,0,0,0,0,0,0,0,0,0,1,0,1,0,1,0,1,0,0,0,0,0,0,0,0,0
rs6925964,ENSG00000172461,FUT9,protein_coding,YES,1,0,0,0,0,0,0,0,0,0,1,0,0,0,1,0,1,0,0,0,0,0,0,0,0,0
rs10985811,ENSG00000136928,GABBR2,protein_coding,YES,1,0,0,1,0,0,0,0,0,0,1,0,0,0,0,0,0,0,1,1,0,1,0,0,0,1
rs11740474,ENSG00000164574,GALNT10,protein_coding,YES,1,0,0,0,0,0,0,0,0,0,0,0,0,0,1,0,1,0,0,0,0,0,0,0,0,0
rs1858999,ENSG00000167491,GATAD2A,protein_coding,YES,1,0,0,0,1,0,0,0,1,0,1,1,0,0,1,1,0,0,0,0,0,1,0,0,0,1
rs10127983,ENSG00000143614,GATAD2B,protein_coding,YES,1,0,0,0,0,0,0,0,0,0,0,0,0,0,0,0,0,0,0,0,0,1,0,0,1,0
rs10117,ENSG00000146013,GFRA3,protein_coding,YES,1,0,0,0,0,0,0,0,0,0,0,0,0,0,0,0,0,0,0,0,1,0,0,0,0,0
rs778371,ENSG00000204120,GIGYF2,protein_coding,YES,1,0,0,0,0,0,0,0,0,0,1,0,0,0,1,0,1,1,0,1,1,1,0,0,0,0
rs1440480,ENSG00000149328,GLB1L2,protein_coding,YES,1,0,0,0,0,0,0,0,0,0,1,0,0,0,1,0,1,0,0,0,0,0,0,0,0,0
rs2710323,ENSG00000016864,GLT8D1,protein_coding,YES,0,0,0,0,1,0,0,0,0,0,1,1,0,0,1,1,1,1,0,0,0,0,0,0,0,0
rs2710323,ENSG00000168237,GLYCTK,protein_coding,YES,0,0,0,0,1,0,0,0,0,0,1,1,0,0,0,0,1,1,0,0,0,0,0,0,0,0
rs61786047,ENSG00000162419,GMEB1,protein_coding,YES,1,0,0,0,0,0,0,0,0,0,1,0,0,0,1,0,1,0,0,0,0,1,0,0,0,0
rs61920311,ENSG00000255749,GNAI2P1,pseudogene,NO,1,0,0,0,0,0,0,0,0,0,0,0,0,0,0,0,0,0,0,0,0,0,0,0,0,0
rs2710323,ENSG00000163938,GNL3,protein_coding,YES,0,0,0,0,0,0,1,0,0,0,1,1,0,0,1,1,1,1,0,0,0,0,0,0,0,0
rs12498839,ENSG00000150625,GPM6A,protein_coding,YES,1,0,0,1,0,0,0,0,0,0,0,0,0,0,0,0,1,1,1,1,1,1,0,0,0,1
rs12188094,ENSG00000164199,GPR98,protein_coding,YES,1,0,0,1,0,0,0,0,0,0,1,0,0,0,1,0,1,0,0,1,0,0,0,0,0,1
rs77502336,ENSG00000023171,GRAMD1B,protein_coding,YES,1,0,0,1,0,0,0,0,0,0,0,0,0,0,0,0,1,0,0,1,0,1,0,0,0,1
rs9926049,ENSG00000183454,GRIN2A,protein_coding,YES,1,0,0,1,0,0,0,0,0,0,1,1,0,0,1,0,1,0,1,1,1,1,1,0,1,1
rs2206956,ENSG00000152822,GRM1,protein_coding,YES,1,0,0,1,0,0,0,0,0,0,1,1,0,0,0,0,0,0,1,1,1,1,0,0,0,1
rs6943762,ENSG00000198822,GRM3,protein_coding,YES,1,0,0,0,0,0,0,0,0,0,0,0,0,0,0,0,1,0,1,1,0,1,0,0,0,0
rs73229090,ENSG00000234770,GULOP,pseudogene,YES,1,0,0,0,0,0,0,0,0,0,0,0,0,0,0,0,0,0,0,0,0,0,0,0,0,0
rs8101499,ENSG00000187664,HAPLN4,protein_coding,YES,0,0,0,0,1,0,0,0,0,0,1,1,0,0,1,1,1,1,0,0,1,0,0,0,0,0
rs12285419,ENSG00000180423,HARBI1,protein_coding,YES,1,0,0,0,0,0,0,0,0,0,0,0,0,0,0,0,0,0,0,0,0,0,0,0,0,0
rs246024,ENSG00000112855,HARS2,protein_coding,YES,0,0,0,0,0,0,1,0,0,0,1,1,0,0,0,0,1,0,0,0,0,0,0,0,0,0
rs10035564,ENSG00000164588,HCN1,protein_coding,YES,1,0,0,0,0,0,0,0,0,0,0,0,0,0,0,0,0,0,1,1,1,1,0,0,0,0
rs3770752,ENSG00000008869,HEATR5B,protein_coding,YES,1,0,0,0,0,0,0,0,0,0,0,0,0,0,0,0,0,0,0,1,0,0,0,0,0,0
rs2381411,ENSG00000215283,HMGB3P24,pseudogene,YES,1,0,0,0,0,0,0,0,0,0,0,0,0,0,0,0,0,0,0,0,0,0,0,0,0,0
rs10873538,ENSG00000259428,HMGB3P26,pseudogene,YES,1,0,0,0,0,0,0,0,0,0,0,0,0,0,0,0,0,0,0,0,0,0,0,0,0,0
rs8048039,ENSG00000103415,HMOX2,protein_coding,YES,1,0,0,0,0,0,0,0,0,0,0,0,0,0,0,0,1,0,0,1,0,0,0,0,0,0
rs2649999,ENSG00000135100,HNF1A,protein_coding,YES,1,0,0,0,0,0,0,0,0,0,1,0,0,0,1,0,0,0,0,1,0,1,0,0,0,0
rs9287971,ENSG00000237804,HNRNPA1P39,pseudogene,YES,1,0,0,0,0,0,0,0,0,0,0,0,0,0,0,0,0,0,0,0,0,0,0,0,0,0
rs10117,ENSG00000113013,HSPA9,protein_coding,YES,1,0,0,0,0,0,0,0,0,0,0,0,0,0,0,0,0,0,0,0,0,1,0,0,0,0
rs2914983,ENSG00000144381,HSPD1,protein_coding,YES,1,0,0,0,0,0,0,0,0,0,1,0,0,0,1,0,1,1,0,1,0,1,0,0,0,0
rs2914983,ENSG00000115541,HSPE1,protein_coding,YES,1,0,0,0,0,0,0,0,0,0,0,0,0,0,0,0,0,0,0,0,0,0,0,0,0,0
rs2914983,ENSG00000270757,HSPE1-MOB4,protein_coding,YES,1,0,0,0,0,0,0,0,0,0,0,0,0,0,0,0,0,0,0,0,0,0,0,0,0,0
rs11210892,ENSG00000178922,HYI,protein_coding,YES,1,0,0,0,1,0,0,0,1,0,1,1,0,0,1,0,1,0,0,0,0,0,0,0,0,1
rs11210892,ENSG00000229348,HYI-AS1,antisense,YES,1,0,0,0,0,0,0,0,0,0,0,0,0,0,0,0,0,0,0,0,0,0,0,0,0,0
rs7575796,ENSG00000270748,IGKV2OR2-1,IG_V_pseudogene,YES,1,0,0,0,0,0,0,0,0,0,0,0,0,0,0,0,0,0,0,0,0,0,0,0,0,0
rs4936215,ENSG00000080854,IGSF9B,protein_coding,YES,1,0,0,0,0,0,0,0,0,0,1,0,0,0,0,0,1,0,1,1,0,1,0,0,0,0
rs246024,ENSG00000113141,IK,protein_coding,YES,0,0,0,0,0,0,1,0,0,0,1,1,0,0,1,1,1,1,0,0,0,0,0,0,0,0
rs1378559,ENSG00000169306,IL1RAPL1,protein_coding,YES,1,0,0,1,0,0,0,0,0,0,0,0,0,0,0,0,0,0,1,0,1,1,0,0,0,1
rs38752,ENSG00000184903,IMMP2L,protein_coding,YES,1,0,0,1,0,0,0,0,0,0,1,0,0,0,1,0,0,0,0,0,0,0,0,0,0,1
rs3814883,ENSG00000169592,INO80E,protein_coding,YES,1,0,0,0,1,0,1,1,0,1,1,1,0,0,1,1,1,1,0,0,0,0,0,0,0,1
rs11210892,ENSG00000117408,IPO13,protein_coding,YES,1,0,0,0,0,0,0,0,0,0,1,0,0,0,1,1,0,0,0,1,0,1,0,0,0,0
rs2304205,ENSG00000126456,IRF3,protein_coding,YES,1,1,1,0,0,0,0,0,0,0,1,1,0,0,1,1,1,1,0,0,0,0,0,0,0,1
rs2532240,ENSG00000120071,KANSL1,protein_coding,YES,1,0,0,0,0,1,0,0,0,1,0,0,1,1,1,0,1,1,0,1,0,1,0,0,1,1
rs2532240,ENSG00000214401,KANSL1-AS1,antisense,YES,1,0,0,0,0,1,0,0,0,0,1,0,1,1,1,1,1,1,0,0,0,0,0,0,0,0
rs58950470,ENSG00000172977,KAT5,protein_coding,YES,1,0,0,0,0,0,0,0,0,0,1,0,0,0,0,0,1,1,0,0,0,0,0,0,0,0
rs11696755,ENSG00000158445,KCNB1,protein_coding,YES,1,0,0,0,0,0,0,0,0,0,0,0,0,0,0,0,0,0,1,1,1,1,0,0,1,0
rs72980087,ENSG00000178342,KCNG2,protein_coding,YES,1,0,0,0,0,0,0,0,0,0,0,0,0,0,0,0,0,0,0,0,1,0,0,0,0,0
rs10117,ENSG00000120733,KDM3B,protein_coding,YES,1,0,0,0,0,0,0,0,0,0,1,0,0,0,1,0,0,0,0,0,0,1,0,0,0,0
rs11210892,ENSG00000066135,KDM4A,protein_coding,YES,1,0,0,0,0,0,0,0,0,0,1,0,0,0,0,0,1,1,0,0,0,1,0,0,0,0
rs10243922,ENSG00000122778,KIAA1549,protein_coding,YES,1,0,0,1,0,0,0,0,0,0,0,0,0,0,1,0,0,0,0,0,0,1,0,0,0,1
rs10767734,ENSG00000121621,KIF18A,protein_coding,YES,1,0,0,0,0,0,0,0,0,0,0,0,0,0,0,0,0,0,0,0,0,0,0,0,0,0
rs12126806,ENSG00000116852,KIF21B,protein_coding,YES,1,0,0,0,0,0,0,0,0,0,1,0,0,0,1,0,1,0,0,1,0,1,0,0,0,0
rs10873538,ENSG00000126214,KLC1,protein_coding,YES,1,0,0,0,0,0,0,0,0,0,1,0,0,0,1,0,1,1,0,1,1,0,0,0,0,0
rs7002992,ENSG00000155090,KLF10,protein_coding,YES,1,0,0,0,0,0,0,0,0,0,0,0,0,0,0,0,0,0,0,0,0,0,0,0,0,0
rs17731,ENSG00000067082,KLF6,protein_coding,YES,1,0,1,1,0,0,0,0,0,0,0,0,0,0,0,0,1,0,0,0,0,1,0,0,0,1
rs61828917,ENSG00000076321,KLHL20,protein_coding,YES,1,0,0,0,0,0,0,0,0,0,1,1,0,0,1,1,0,0,0,0,0,0,0,0,0,0
rs11122119,ENSG00000162413,KLHL21,protein_coding,YES,1,0,0,0,0,0,0,0,0,0,1,0,0,0,1,0,1,0,0,0,0,0,0,0,0,0
rs2252074,ENSG00000005483,KMT2E,protein_coding,YES,1,0,0,0,0,0,0,0,0,0,1,1,0,0,0,0,1,1,0,1,0,1,0,1,1,0
rs6925964,ENSG00000219941,KRT18P50,pseudogene,YES,1,0,0,0,0,0,0,0,0,0,0,0,0,0,0,0,0,0,0,0,0,0,0,0,0,0
rs12129573,ENSG00000229636,KRT8P21,pseudogene,YES,1,0,0,0,0,0,0,0,0,0,0,0,0,0,0,0,0,0,0,0,0,0,0,0,0,0
rs58950470,ENSG00000214659,KRT8P26,pseudogene,YES,1,0,0,0,0,0,0,0,0,0,1,0,0,0,1,0,1,0,0,0,0,0,0,0,0,0
rs7816998,ENSG00000165046,LETM2,protein_coding,YES,1,0,0,0,0,0,0,0,0,0,1,0,0,0,0,0,1,1,0,0,0,0,0,0,0,0
rs578470,ENSG00000050405,LIMA1,protein_coding,YES,1,0,0,0,0,0,0,0,0,0,0,0,0,0,0,0,0,0,0,0,0,0,0,0,0,0
rs459391,ENSG00000224924,LINC00320,lincRNA,YES,1,0,0,1,1,0,0,0,1,0,1,1,0,0,1,1,1,1,0,0,0,0,0,0,0,1
rs9569820,ENSG00000232954,LINC00374,lincRNA,YES,1,0,0,0,0,0,0,0,0,0,0,0,0,0,0,0,0,0,0,0,0,0,0,0,0,0
rs115325222,ENSG00000245526,LINC00461,lincRNA,YES,1,0,0,0,0,0,0,0,0,0,1,0,0,0,0,0,1,0,0,0,0,0,0,0,0,0
rs9607782,ENSG00000205704,LINC00634,pseudogene,YES,0,0,0,0,1,0,0,0,0,0,1,1,0,0,1,1,1,1,0,0,0,0,0,0,0,0
rs10873538,ENSG00000258735,LINC00637,lincRNA,YES,1,0,0,0,0,0,0,0,0,0,0,0,0,0,0,0,0,0,0,0,0,0,0,0,0,0
rs2238304,ENSG00000255571,LINC00925,lincRNA,YES,1,0,0,0,0,0,0,0,0,0,1,0,0,0,1,0,1,0,0,0,0,0,0,0,0,0
rs11638554,ENSG00000259728,LINC00933,pseudogene,YES,0,0,0,0,1,0,0,0,0,0,1,1,0,0,1,1,0,0,0,0,0,0,0,0,0,0
rs10957321,ENSG00000254377,LINC00966,lincRNA,YES,1,0,0,0,0,0,0,0,0,0,1,0,0,0,1,0,1,0,0,0,0,0,0,0,0,0
rs2252074,ENSG00000228393,LINC01004,antisense,YES,1,0,0,0,0,0,0,0,0,0,0,0,0,0,0,0,0,0,0,0,0,0,0,0,0,0
rs9545047,ENSG00000227676,LINC01068,lincRNA,YES,1,0,0,0,0,1,0,1,0,0,0,0,1,1,0,0,0,0,0,0,0,0,0,0,0,1
rs28454198,ENSG00000249307,LINC01088,antisense,YES,1,0,0,1,0,0,0,0,0,0,0,0,0,0,0,0,0,0,0,0,0,0,0,0,0,1
rs117799466,ENSG00000176454,LPCAT4,protein_coding,NO,1,0,0,1,0,0,0,0,0,0,0,0,0,0,1,0,1,0,0,0,0,1,0,0,0,0
rs2696466,ENSG00000176681,LRRC37A,protein_coding,YES,0,0,0,0,1,1,0,0,0,0,1,1,1,1,1,1,1,1,0,0,0,0,0,0,0,0
rs2696466,ENSG00000238083,LRRC37A2,protein_coding,YES,0,0,0,0,1,1,0,0,0,0,1,1,1,1,1,1,1,1,0,0,0,0,0,0,0,0
rs2696466,ENSG00000214425,LRRC37A4P,pseudogene,YES,0,0,0,0,1,1,0,0,0,0,1,1,1,1,1,1,1,1,0,0,0,0,0,0,0,0
rs35045093,ENSG00000128594,LRRC4,protein_coding,NO,1,0,0,0,0,0,0,0,0,0,1,0,0,0,1,0,0,0,1,1,0,0,0,0,0,0
rs2387414,ENSG00000131409,LRRC4B,protein_coding,YES,1,0,0,1,0,0,0,0,0,0,1,0,0,0,1,0,0,0,1,1,0,0,0,0,0,1
rs59498392,ENSG00000175324,LSM1,protein_coding,YES,0,0,0,0,1,0,0,0,0,1,1,1,0,0,1,1,1,1,0,0,0,1,0,0,0,1
rs58120505,ENSG00000002822,MAD1L1,protein_coding,YES,1,0,0,1,0,0,0,0,0,0,1,0,0,0,1,0,1,1,0,0,0,0,0,0,0,1
rs79445414,ENSG00000198042,MAK16,protein_coding,YES,1,0,0,0,0,0,0,0,0,0,1,0,0,0,1,0,1,0,0,0,0,1,0,0,0,0
rs35164357,ENSG00000112893,MAN2A1,protein_coding,YES,1,0,0,1,0,0,0,0,0,0,1,0,0,0,1,1,1,0,0,0,0,0,0,0,0,1
rs6839635,ENSG00000109323,MANBA,protein_coding,YES,1,0,0,0,0,0,0,0,0,0,1,1,0,0,1,1,1,0,0,0,0,0,0,0,0,0
rs58950470,ENSG00000173327,MAP3K11,protein_coding,YES,1,0,0,0,0,0,0,0,0,0,1,0,0,0,0,0,1,0,0,0,0,0,0,0,0,0
rs9925915,ENSG00000102882,MAPK3,protein_coding,YES,0,0,0,0,1,0,1,0,0,1,1,1,1,0,1,1,1,1,1,1,1,0,0,0,0,1
rs2532240,ENSG00000186868,MAPT,protein_coding,YES,1,0,0,0,1,0,0,0,0,1,1,1,0,0,1,1,1,1,0,1,1,0,0,0,0,1
rs2532240,ENSG00000264589,MAPT-AS1,antisense,YES,1,0,0,0,1,0,0,0,0,0,1,1,1,1,1,1,1,1,0,0,0,0,0,0,0,0
rs10873538,ENSG00000075413,MARK3,protein_coding,YES,1,0,0,0,0,0,0,0,0,0,1,0,1,1,1,0,1,1,0,0,1,0,0,0,0,0
rs1858999,ENSG00000129933,MAU2,protein_coding,YES,1,0,0,0,0,0,0,0,0,0,1,1,0,0,1,1,1,1,0,0,0,1,0,0,0,0
rs11076631,ENSG00000258839,MC1R,protein_coding,YES,1,0,0,0,0,0,0,0,0,0,1,0,1,0,1,0,1,0,0,1,0,0,0,0,0,0
rs12285419,ENSG00000110492,MDK,protein_coding,YES,1,0,0,0,0,0,0,0,0,0,1,1,0,0,1,1,1,1,0,1,0,0,0,0,0,0
rs61786047,ENSG00000130772,MED18,protein_coding,YES,1,0,0,0,0,0,0,0,0,0,1,0,0,0,0,0,0,0,0,1,0,0,0,0,0,0
rs7938083,ENSG00000156603,MED19,protein_coding,YES,1,0,0,0,0,0,0,0,0,0,1,0,0,0,1,0,1,1,0,0,0,0,0,0,0,0
rs72761691,ENSG00000160563,MED27,protein_coding,YES,1,0,0,0,0,0,0,0,0,0,0,0,0,0,0,0,0,0,0,0,0,0,0,0,0,0
rs11210892,ENSG00000159479,MED8,protein_coding,YES,1,0,0,0,0,0,0,0,0,0,1,1,0,0,1,1,1,0,0,0,0,0,0,0,0,0
rs115325222,ENSG00000081189,MEF2C,protein_coding,YES,1,0,0,0,0,0,0,0,0,0,0,0,0,0,1,0,0,0,0,0,1,0,0,0,1,0
rs115325222,ENSG00000248309,MEF2C-AS1,antisense,YES,1,0,0,0,0,0,0,0,0,0,0,0,0,0,1,0,1,0,0,0,0,0,0,0,0,0
rs10767734,ENSG00000169519,METTL15,protein_coding,YES,1,0,0,0,0,0,0,0,0,0,1,0,1,1,1,0,1,0,0,0,0,0,0,0,0,0
rs2929278,ENSG00000140259,MFAP1,protein_coding,YES,1,0,0,0,0,0,0,0,0,0,0,0,0,0,0,0,0,0,0,0,0,1,0,0,0,0
rs11740474,ENSG00000037749,MFAP3,processed_transcript,YES,1,0,0,0,0,0,0,0,0,0,1,0,0,0,1,0,1,1,0,0,0,0,0,0,0,0
rs732381,ENSG00000128268,MGAT3,protein_coding,YES,1,0,0,0,0,0,0,0,0,0,1,0,0,0,1,0,1,0,0,0,0,0,0,0,0,0
rs732381,ENSG00000100335,MIEF1,protein_coding,YES,1,0,0,0,0,0,0,0,0,0,1,0,0,0,1,0,1,0,0,0,0,0,0,0,0,0
rs1198588,ENSG00000225206,MIR137HG,lincRNA,YES,1,0,0,0,0,0,0,0,0,0,0,0,0,0,1,0,1,0,0,0,0,0,0,0,0,0
rs4936215,ENSG00000264919,MIR4697,miRNA,YES,1,0,0,0,0,0,0,0,0,0,0,0,0,0,0,0,0,0,0,0,0,0,0,0,0,0
rs2238304,ENSG00000207819,MIR9-3,miRNA,YES,1,0,0,0,0,0,0,0,0,0,0,0,0,0,0,0,0,0,0,0,0,0,0,0,0,0
rs143116451,ENSG00000175727,MLXIP,protein_coding,YES,1,0,0,0,0,0,1,1,1,1,1,0,0,0,1,1,1,1,0,0,0,0,0,0,0,1
rs1915019,ENSG00000156103,MMP16,protein_coding,YES,1,0,0,0,0,0,0,0,0,0,0,0,0,0,0,0,1,0,0,0,0,1,0,0,0,0
rs2914983,ENSG00000115540,MOB4,protein_coding,YES,0,0,0,0,1,0,0,1,0,1,0,0,0,0,1,1,1,1,0,0,0,0,0,0,0,1
rs11210892,ENSG00000117400,MPL,protein_coding,YES,1,0,0,0,0,0,0,0,0,0,0,0,0,0,0,0,0,0,0,0,0,0,0,0,0,0
rs79210963,ENSG00000105926,MPP6,protein_coding,YES,1,0,0,0,0,0,0,0,0,0,1,0,0,0,1,0,1,0,0,0,0,1,0,0,0,0
rs12126806,ENSG00000233217,MROH3P,pseudogene,YES,1,0,0,0,0,0,0,0,0,0,0,0,0,0,0,0,0,0,0,0,0,0,0,0,0,0
rs12474906,ENSG00000243147,MRPL33,protein_coding,YES,1,0,0,0,0,0,0,0,0,0,1,0,0,0,0,0,0,0,0,0,0,0,0,0,0,0
rs1940171,ENSG00000120458,MSANTD2,protein_coding,YES,1,0,0,0,0,0,0,0,0,0,0,0,0,0,1,1,1,1,0,0,0,0,0,0,0,0
rs4793888,ENSG00000153944,MSI2,protein_coding,YES,1,0,0,1,0,0,0,0,0,0,1,0,0,0,1,0,1,0,0,0,0,1,0,0,0,1
rs7609876,ENSG00000231888,MTND5P15,pseudogene,YES,1,0,0,0,0,0,0,0,0,0,0,0,0,0,0,0,0,0,0,0,0,0,0,0,0,0
rs11263770,ENSG00000141140,MYO19,protein_coding,YES,0,0,0,0,0,0,1,0,1,0,1,1,0,0,0,0,0,0,0,0,0,0,0,0,0,1
rs6715366,ENSG00000186487,MYT1L,protein_coding,NO,1,0,0,1,0,0,0,0,0,0,1,0,0,0,0,0,1,0,0,1,1,1,0,1,1,0
rs324017,ENSG00000166886,NAB2,protein_coding,YES,1,0,0,1,0,0,0,0,0,0,0,0,0,0,0,0,0,0,0,0,1,1,0,0,0,1
rs77463171,ENSG00000159593,NAE1,protein_coding,NO,1,0,0,0,0,0,0,0,0,0,0,0,0,0,1,0,1,0,0,0,0,0,0,0,0,0
rs9607782,ENSG00000198951,NAGA,protein_coding,YES,0,0,0,0,1,0,1,0,0,0,1,1,0,0,1,1,1,1,0,0,0,0,0,0,0,0
rs9545047,ENSG00000102471,NDFIP2,protein_coding,YES,1,0,0,0,1,0,0,1,0,1,1,1,0,0,1,1,1,1,0,0,0,0,0,0,0,1
rs9545047,ENSG00000232132,NDFIP2-AS1,antisense,YES,1,0,0,0,0,0,0,0,0,0,0,0,0,0,0,0,0,0,0,0,0,0,0,0,0,0
rs154433,ENSG00000103034,NDRG4,protein_coding,YES,1,0,0,0,0,0,0,0,0,0,1,0,0,0,1,0,1,0,0,1,1,0,0,0,0,0
rs246024,ENSG00000131495,NDUFA2,protein_coding,YES,0,0,0,0,1,0,0,0,0,0,1,1,0,0,1,1,1,1,0,0,0,0,0,0,0,0
rs3770752,ENSG00000003509,NDUFAF7,protein_coding,YES,1,0,0,0,0,0,0,0,0,0,1,0,0,0,1,0,1,1,0,0,0,0,0,0,0,0
rs2119242,ENSG00000078114,NEBL,protein_coding,YES,1,0,0,1,0,0,0,0,0,0,1,0,0,0,0,0,1,0,0,0,0,0,0,0,0,1
rs1121296,ENSG00000172260,NEGR1,protein_coding,YES,1,0,0,1,0,0,0,0,0,0,1,0,0,0,0,0,1,0,0,1,0,1,0,0,0,1
rs61405217,ENSG00000137601,NEK1,protein_coding,YES,1,0,0,0,0,0,0,0,0,0,1,0,0,0,1,0,1,0,0,0,0,0,0,0,0,0
rs2710323,ENSG00000114904,NEK4,protein_coding,YES,0,0,0,0,0,0,1,0,0,0,1,1,0,0,1,1,1,1,0,0,0,0,0,0,0,0
rs1198588,ENSG00000233557,NFU1P2,pseudogene,YES,1,0,0,0,0,0,0,0,0,0,0,0,0,0,0,0,0,0,0,0,0,0,0,0,0,0
rs778371,ENSG00000066248,NGEF,protein_coding,YES,1,0,0,0,0,0,0,0,0,0,1,0,0,0,1,0,1,1,1,1,1,1,0,0,0,0
rs5943629,ENSG00000146938,NLGN4X,protein_coding,YES,1,0,0,1,0,0,0,0,0,0,0,0,0,0,0,0,0,0,1,0,1,1,0,0,0,1
rs11638554,ENSG00000197696,NMB,protein_coding,YES,1,0,0,0,0,0,0,0,0,0,1,1,1,1,1,1,0,0,0,0,0,0,0,0,0,0
rs10117,ENSG00000112981,NME5,protein_coding,YES,1,0,0,0,0,0,0,0,0,0,0,0,0,0,1,0,1,0,0,0,0,0,0,0,0,0
rs8048039,ENSG00000153406,NMRAL1,protein_coding,YES,1,0,0,0,0,0,0,0,0,0,1,1,1,0,1,0,1,1,0,0,0,0,0,0,0,0
rs2914983,ENSG00000213104,NPM1P46,pseudogene,YES,1,0,0,0,0,0,0,0,0,0,0,0,0,0,0,0,0,0,0,0,0,0,0,0,0,0
rs2224086,ENSG00000227970,NR1H5P,pseudogene,NO,1,0,0,0,0,0,0,0,0,0,0,0,0,0,0,0,0,0,0,0,0,0,0,0,0,0
rs11136325,ENSG00000185189,NRBP2,protein_coding,YES,1,0,0,0,0,0,0,0,0,0,0,0,0,0,0,0,0,0,0,0,1,0,0,0,0,0
rs1940171,ENSG00000154146,NRGN,protein_coding,YES,1,0,0,0,0,0,0,0,0,0,0,0,0,0,0,0,0,0,1,1,1,0,0,0,0,0
rs9975024,ENSG00000180530,NRIP1,protein_coding,YES,1,0,0,1,0,0,0,0,0,0,0,0,0,0,0,0,0,0,0,1,0,1,0,0,0,1
rs2532240,ENSG00000073969,NSF,protein_coding,YES,1,0,0,0,1,0,0,0,0,0,1,1,1,0,1,1,1,1,1,1,1,0,0,0,0,0
rs2532240,ENSG00000260075,NSFP1,pseudogene,YES,1,0,0,0,0,0,0,0,0,0,1,0,1,0,1,0,1,0,0,0,0,0,0,0,0,0
rs6482437,ENSG00000241058,NSUN6,protein_coding,YES,1,0,0,0,0,0,0,0,0,0,1,0,0,0,1,0,1,0,0,0,0,0,0,0,0,0
rs79668541,ENSG00000076685,NT5C2,protein_coding,YES,1,0,0,0,0,0,0,0,0,0,1,1,0,0,1,0,1,1,0,0,0,0,0,0,0,0
rs11972718,ENSG00000122584,NXPH1,protein_coding,YES,1,0,0,1,0,0,0,0,0,0,0,0,0,0,0,0,0,0,0,0,0,0,0,0,0,1
rs2649999,ENSG00000135114,OASL,protein_coding,YES,1,0,0,0,0,0,0,0,0,0,0,0,0,0,0,0,0,0,0,0,0,0,0,0,0,0
rs1790135,ENSG00000111325,OGFOD2,protein_coding,YES,0,0,0,0,1,0,1,0,0,0,1,1,0,0,1,1,1,1,0,0,0,0,0,0,0,0
rs9287971,ENSG00000138430,OLA1,protein_coding,YES,1,0,0,0,0,0,0,0,0,0,1,0,0,0,1,0,1,0,0,0,0,0,0,0,0,0
rs1939514,ENSG00000183715,OPCML,protein_coding,YES,1,0,0,1,0,0,0,0,0,0,1,0,0,0,0,0,1,0,0,0,1,0,0,0,0,1
rs61786047,ENSG00000116329,OPRD1,protein_coding,YES,1,0,0,0,0,0,0,0,0,0,0,0,0,0,0,0,0,0,1,1,0,0,0,0,0,0
rs6839635,ENSG00000250651,PABPC1P7,pseudogene,YES,1,0,0,0,0,0,0,0,0,0,0,0,0,0,0,0,0,0,0,0,0,0,0,0,0,0
rs2902858,ENSG00000165912,PACSIN3,protein_coding,YES,0,0,0,0,1,0,0,0,0,0,1,1,0,0,1,1,1,1,0,0,0,0,0,0,0,0
rs56205728,ENSG00000137843,PAK6,protein_coding,YES,1,0,0,1,0,0,0,0,0,0,1,1,0,0,1,1,1,0,0,1,0,0,0,0,0,1
rs35045093,ENSG00000106331,PAX4,protein_coding,NO,1,0,0,0,0,0,0,0,0,0,0,0,0,0,0,0,0,0,0,0,0,0,0,0,0,0
rs7432375,ENSG00000114054,PCCB,protein_coding,YES,1,0,0,0,1,0,1,0,1,0,1,1,0,0,1,1,1,1,0,0,0,0,0,0,0,1
rs9569820,ENSG00000118946,PCDH17,protein_coding,YES,1,0,0,0,0,0,0,0,0,0,1,1,0,0,0,0,0,0,1,1,0,1,0,0,0,0
rs10069930,ENSG00000204970,PCDHA1,protein_coding,YES,1,0,0,0,0,0,0,0,0,0,0,0,0,0,0,0,0,0,0,0,1,0,0,0,0,0
rs10069930,ENSG00000249158,PCDHA11,protein_coding,YES,1,0,0,0,0,0,0,0,0,0,1,0,0,0,1,0,1,0,0,0,1,0,0,0,0,0
rs10069930,ENSG00000251664,PCDHA12,protein_coding,YES,1,0,0,0,0,0,0,0,0,0,1,0,0,0,1,0,1,0,0,0,0,0,0,0,0,0
rs10069930,ENSG00000239389,PCDHA13,protein_coding,YES,1,0,0,0,0,0,0,0,0,0,1,1,1,0,1,0,1,0,0,0,1,0,0,0,0,0
rs10069930,ENSG00000204969,PCDHA2,protein_coding,YES,1,0,0,0,1,0,0,0,0,1,1,1,1,1,1,1,0,0,0,0,1,0,0,0,0,1
rs10069930,ENSG00000255408,PCDHA3,protein_coding,YES,1,0,0,0,0,0,0,0,0,0,1,0,0,0,1,0,0,0,0,0,1,0,0,0,0,0
rs10069930,ENSG00000204967,PCDHA4,protein_coding,YES,1,0,0,0,0,0,0,0,0,0,1,0,0,0,1,0,1,0,0,1,1,0,0,0,0,0
rs10069930,ENSG00000204965,PCDHA5,protein_coding,YES,1,0,0,0,0,0,0,0,0,0,1,0,0,0,0,0,0,0,0,0,1,0,0,0,0,0
rs10069930,ENSG00000081842,PCDHA6,protein_coding,YES,1,0,0,0,0,0,0,0,0,0,1,0,0,0,1,0,1,0,0,0,1,0,0,0,0,0
rs246024,ENSG00000204963,PCDHA7,protein_coding,YES,0,0,0,0,1,0,0,0,0,0,1,1,1,1,1,1,1,1,0,0,1,0,0,0,0,0
rs246024,ENSG00000204962,PCDHA8,protein_coding,YES,0,0,0,0,1,0,0,0,0,1,1,1,1,1,1,1,1,1,0,0,1,0,0,0,0,1
rs10069930,ENSG00000248383,PCDHAC1,protein_coding,YES,1,0,0,0,0,0,0,0,0,0,0,0,0,0,1,0,0,0,0,0,1,0,0,0,0,0
rs10069930,ENSG00000243232,PCDHAC2,protein_coding,YES,1,0,0,0,0,0,0,0,0,0,0,0,0,0,0,0,0,0,0,1,0,1,0,0,0,0
rs35734242,ENSG00000185619,PCGF3,protein_coding,YES,1,0,0,1,0,0,0,0,0,0,1,0,1,0,1,0,1,0,0,0,0,1,0,0,0,1
rs58950470,ENSG00000197136,PCNXL3,protein_coding,YES,1,0,1,0,0,0,0,0,0,0,0,0,0,0,0,0,1,0,0,1,0,0,0,0,0,1
rs6588168,ENSG00000184588,PDE4B,protein_coding,YES,1,0,0,1,0,0,0,0,0,0,1,0,0,0,1,0,1,0,0,1,1,0,0,0,0,1
rs2929278,ENSG00000167004,PDIA3,protein_coding,YES,1,0,0,0,0,0,1,0,0,1,1,0,0,0,0,0,0,0,0,0,0,1,0,0,0,1
rs61786047,ENSG00000204138,PHACTR4,protein_coding,YES,1,0,0,0,0,0,0,0,0,0,1,0,0,0,1,0,1,0,0,0,1,0,0,0,0,0
rs11122119,ENSG00000116273,PHF13,protein_coding,YES,1,0,0,0,0,0,0,0,0,0,1,0,0,0,0,0,0,0,0,0,0,1,0,0,0,0
rs6479487,ENSG00000197724,PHF2,protein_coding,YES,1,0,0,0,0,0,0,0,0,0,1,0,0,0,1,0,0,0,0,0,0,1,0,1,0,0
rs34539323,ENSG00000181191,PJA1,protein_coding,YES,1,1,0,1,0,0,0,0,0,0,0,0,0,0,0,0,0,0,0,0,0,0,0,0,0,1
rs6673880,ENSG00000149527,PLCH2,protein_coding,YES,1,0,0,1,0,0,0,0,0,0,1,0,0,0,1,0,1,0,0,1,0,0,0,0,0,1
rs9882532,ENSG00000154822,PLCL2,processed_transcript,YES,1,0,0,0,0,0,0,0,0,0,1,0,0,0,0,0,0,0,0,0,0,1,0,0,0,0
rs2532240,ENSG00000225190,PLEKHM1,protein_coding,YES,1,0,0,0,0,0,0,0,0,0,1,0,0,0,1,1,1,1,0,0,0,0,0,0,0,0
rs12138231,ENSG00000023902,PLEKHO1,protein_coding,YES,1,0,0,0,0,0,0,0,0,0,1,0,0,0,1,0,1,0,0,0,0,1,0,0,0,0
rs39967,ENSG00000145632,PLK2,protein_coding,YES,1,0,0,0,0,0,0,0,0,0,1,0,0,0,1,0,1,0,0,0,1,1,0,0,0,0
rs10777187,ENSG00000139323,POC1B,protein_coding,YES,1,0,0,0,0,0,0,0,0,0,1,0,1,0,1,0,1,0,0,0,0,0,0,0,0,0
rs2238304,ENSG00000140521,POLG,protein_coding,YES,1,0,0,0,0,0,0,0,0,0,1,0,0,0,0,0,1,1,0,0,0,0,0,0,0,0
rs7816998,ENSG00000147535,PPAPDC1B,protein_coding,YES,1,0,0,0,0,0,0,0,0,0,0,0,0,0,0,0,0,0,0,0,0,0,0,0,0,0
rs2929278,ENSG00000168781,PPIP5K1,protein_coding,YES,1,0,0,0,0,0,0,0,0,0,1,0,0,0,1,1,1,1,0,0,0,0,0,0,0,0
rs10873538,ENSG00000088808,PPP1R13B,protein_coding,YES,1,0,0,0,0,0,0,0,0,0,1,1,0,0,1,1,1,1,0,0,0,1,0,0,0,0
rs6065094,ENSG00000101445,PPP1R16B,protein_coding,YES,1,0,0,0,0,0,0,0,0,0,1,0,0,0,0,0,0,0,0,0,0,1,0,0,0,0
rs12713008,ENSG00000162869,PPP1R21,protein_coding,NO,1,0,0,0,0,0,0,0,0,0,0,0,0,0,1,0,1,0,0,0,0,0,0,0,0,0
rs2078266,ENSG00000196422,PPP1R26,protein_coding,NO,1,1,0,1,0,0,0,0,0,0,1,0,0,0,1,0,0,0,0,0,0,1,0,0,0,0
rs72980087,ENSG00000122490,PQLC1,protein_coding,YES,1,0,0,0,0,0,0,0,0,0,1,0,0,0,1,0,1,0,0,0,0,0,0,0,0,0
rs3770752,ENSG00000115825,PRKD3,protein_coding,YES,1,0,0,0,0,0,0,0,0,0,1,0,0,0,1,0,0,0,0,0,0,0,0,0,0,0
rs3813567,ENSG00000041357,PSMA4,protein_coding,YES,0,0,0,0,1,0,0,0,1,0,1,1,0,0,1,1,1,1,0,0,0,0,0,0,0,1
rs59519965,ENSG00000117569,PTBP2,protein_coding,YES,1,0,0,0,0,0,0,0,0,0,1,1,0,0,1,0,1,0,0,0,0,1,0,0,0,0
rs11696755,ENSG00000124212,PTGIS,protein_coding,YES,1,0,0,0,0,0,0,0,0,0,1,0,0,0,1,0,1,0,0,0,0,0,0,0,0,0
rs73229090,ENSG00000120899,PTK2B,protein_coding,YES,1,0,0,0,0,0,0,0,0,0,1,0,0,0,1,0,1,0,1,1,1,1,0,0,0,0
rs2890914,ENSG00000153707,PTPRD,protein_coding,YES,1,0,0,1,0,0,0,0,0,0,0,0,0,0,0,0,1,0,1,1,1,1,0,0,0,1
rs11210892,ENSG00000142949,PTPRF,protein_coding,YES,1,0,0,0,0,0,0,0,0,0,0,0,0,0,0,0,0,0,1,1,0,1,0,0,0,0
rs13219424,ENSG00000152894,PTPRK,protein_coding,NO,1,0,0,1,0,0,0,0,0,0,1,0,0,0,1,0,1,1,0,0,0,1,0,0,0,0
rs11136325,ENSG00000179950,PUF60,protein_coding,YES,1,0,0,0,0,0,0,0,0,0,0,0,0,0,0,0,0,0,0,0,0,0,0,0,1,0
rs3770752,ENSG00000115828,QPCT,protein_coding,YES,1,0,0,0,0,0,0,0,0,0,1,0,0,0,1,0,1,0,0,0,0,0,0,0,0,0
rs61937595,ENSG00000179912,R3HDM2,protein_coding,YES,1,0,0,1,0,0,0,0,0,0,0,0,0,0,0,0,0,0,0,1,0,1,0,0,0,1
rs61786047,ENSG00000188060,RAB42,protein_coding,YES,1,0,0,0,0,0,0,0,0,0,1,1,0,0,0,0,0,0,0,0,0,0,0,0,0,0
rs3739554,ENSG00000136828,RALGPS1,protein_coding,YES,1,0,0,0,0,0,0,0,0,0,1,0,0,0,1,0,1,0,0,0,0,1,0,0,0,0
rs10873538,ENSG00000270938,RAP2CP1,pseudogene,YES,1,0,0,0,0,0,0,0,0,0,0,0,0,0,0,0,0,0,0,0,0,0,0,0,0,0
rs12474906,ENSG00000171174,RBKS,protein_coding,YES,1,0,0,0,0,0,0,0,0,0,0,0,0,0,0,0,0,0,0,0,0,0,0,0,0,0
rs9545047,ENSG00000139746,RBM26,protein_coding,YES,1,0,0,0,0,0,0,0,0,0,1,0,0,0,1,0,1,1,0,0,0,1,0,0,0,0
rs9545047,ENSG00000227354,RBM26-AS1,antisense,YES,1,0,0,0,0,0,0,0,0,0,1,0,1,0,1,0,1,0,0,0,0,0,0,0,0,0
rs1506297,ENSG00000144642,RBMS3,protein_coding,YES,1,0,0,0,0,0,0,0,0,0,0,0,0,0,1,1,1,0,0,0,0,0,0,0,0,0
rs61828917,ENSG00000135870,RC3H1,protein_coding,YES,1,0,0,0,0,0,0,0,0,0,1,1,0,0,1,1,0,0,0,1,0,1,0,0,0,0
rs10873538,ENSG00000227729,RD3L,protein_coding,YES,1,0,0,0,0,0,0,0,0,0,0,0,0,0,0,0,0,0,0,0,0,0,0,0,0,0
rs10117,ENSG00000132563,REEP2,protein_coding,YES,1,0,0,0,0,0,0,0,0,0,1,0,0,0,1,1,0,0,0,0,0,0,0,0,0,0
rs58950470,ENSG00000173039,RELA,protein_coding,YES,1,0,0,0,0,0,0,0,0,0,1,0,0,0,0,0,0,0,1,0,0,1,0,0,0,0
rs11121172,ENSG00000142599,RERE,protein_coding,YES,1,0,0,0,0,0,1,0,1,1,1,1,0,0,1,1,1,1,0,1,0,1,0,0,1,1
rs2914983,ENSG00000162944,RFTN2,protein_coding,YES,1,0,0,0,0,0,0,0,0,0,1,0,0,0,1,0,1,1,0,0,0,0,0,0,0,0
rs2190864,ENSG00000182732,RGS6,protein_coding,YES,1,0,0,0,0,0,0,0,0,0,1,0,0,0,1,0,0,0,0,0,0,0,0,0,0,0
rs2238304,ENSG00000140522,RLBP1,protein_coding,YES,1,0,0,0,0,0,0,0,0,0,1,0,0,0,1,0,1,0,0,0,0,0,0,0,0,0
rs59519965,ENSG00000223229,RN7SKP270,misc_RNA,YES,1,0,0,0,0,0,0,0,0,0,0,0,0,0,0,0,0,0,0,0,0,0,0,0,0,0
rs10894308,ENSG00000242673,RN7SL167P,misc_RNA,YES,1,0,0,0,0,0,0,0,0,0,0,0,0,0,0,0,0,0,0,0,0,0,0,0,0,0
rs58950470,ENSG00000239356,RN7SL309P,misc_RNA,YES,1,0,0,0,0,0,0,0,0,0,0,0,0,0,0,0,0,0,0,0,0,0,0,0,0,0
rs1915019,ENSG00000251904,RNA5SP272,rRNA,YES,1,0,0,0,0,0,0,0,0,0,0,0,0,0,0,0,0,0,0,0,0,0,0,0,0,0
rs9569820,ENSG00000202422,RNA5SP30,rRNA,YES,1,0,0,0,0,0,0,0,0,0,0,0,0,0,0,0,0,0,0,0,0,0,0,0,0,0
rs61828917,ENSG00000252231,RNA5SP67,rRNA,YES,1,0,0,0,0,0,0,0,0,0,0,0,0,0,0,0,0,0,0,0,0,0,0,0,0,0
rs11227250,ENSG00000172922,RNASEH2C,protein_coding,YES,0,0,0,0,0,0,1,0,1,1,1,0,0,0,1,1,1,0,0,0,0,0,0,0,0,1
rs79445414,ENSG00000133874,RNF122,protein_coding,YES,1,0,0,0,0,0,0,0,0,0,0,0,0,0,0,0,0,0,0,0,0,0,0,0,0,0
rs2381411,ENSG00000137075,RNF38,protein_coding,YES,1,0,0,0,0,0,0,0,0,0,1,0,0,0,1,0,0,0,0,0,0,1,0,0,0,0
rs35026989,ENSG00000223197,RNU6-1001P,snRNA,YES,1,0,0,0,0,0,0,0,0,0,0,0,0,0,0,0,0,0,0,0,0,0,0,0,0,0
rs2914983,ENSG00000206836,RNU6-1029P,snRNA,YES,1,0,0,0,0,0,0,0,0,0,0,0,0,0,0,0,0,0,0,0,0,0,0,0,0,0
rs1589726,ENSG00000206818,RNU6-849P,snRNA,YES,1,0,0,0,0,0,0,0,0,0,0,0,0,0,0,0,0,0,0,0,0,0,0,0,0,0
rs3770752,ENSG00000207364,RNU6-939P,snRNA,YES,1,0,0,0,0,0,0,0,0,0,0,0,0,0,0,0,0,0,0,0,0,0,0,0,0,0
rs1454606,ENSG00000251755,RNU7-131P,snRNA,YES,1,0,0,0,0,0,0,0,0,0,0,0,0,0,0,0,0,0,0,0,0,0,0,0,0,0
rs1451488,ENSG00000238698,RNU7-147P,snRNA,YES,1,0,0,0,0,0,0,0,0,0,0,0,0,0,0,0,0,0,0,0,0,0,0,0,0,0
rs10873538,ENSG00000252469,RNU7-160P,snRNA,YES,1,0,0,0,0,0,0,0,0,0,0,0,0,0,0,0,0,0,0,0,0,0,0,0,0,0
rs9569820,ENSG00000222733,RNY4P29,misc_RNA,YES,1,0,0,0,0,0,0,0,0,0,0,0,0,0,0,0,0,0,0,0,0,0,0,0,0,0
rs634940,ENSG00000261038,RP1-149C7.1,lincRNA,YES,1,0,0,0,0,0,0,0,0,0,0,0,0,0,0,0,0,0,0,0,0,0,0,0,0,0
rs79445414,ENSG00000240738,RP1-273G13.1,pseudogene,YES,1,0,0,0,0,0,0,0,0,0,0,0,0,0,0,0,0,0,0,0,0,0,0,0,0,0
rs79445414,ENSG00000188512,RP1-273G13.2,pseudogene,YES,1,0,0,0,0,0,0,0,0,0,0,0,0,0,0,0,0,0,0,0,0,0,0,0,0,0
rs79445414,ENSG00000254194,RP1-273G13.3,lincRNA,YES,1,0,0,0,0,0,0,0,0,0,0,0,0,0,0,0,0,0,0,0,0,0,0,0,0,0
rs79445414,ENSG00000253108,RP1-84O15.2,lincRNA,YES,1,0,0,0,0,0,0,0,0,0,0,0,0,0,0,0,0,0,0,0,0,0,0,0,0,0
rs11076631,ENSG00000261118,RP11-104N10.1,antisense,YES,1,0,0,0,0,0,0,0,0,0,0,0,1,0,1,0,0,0,0,0,0,0,0,0,0,0
rs2532240,ENSG00000263715,RP11-105N13.4,processed_transcript,YES,1,0,0,0,0,0,0,0,0,0,0,0,1,1,0,0,0,0,0,0,0,0,0,0,0,0
rs13107325,ENSG00000246560,RP11-10L12.4,antisense,YES,0,0,0,0,1,0,1,1,0,0,1,1,0,0,1,1,1,1,0,0,0,0,0,0,0,1
rs356183,ENSG00000251095,RP11-115D19.1,antisense,YES,1,0,0,0,0,0,0,0,0,0,0,0,0,0,0,0,0,0,0,0,0,0,0,0,0,0
rs167924,ENSG00000273125,RP11-115H18.1,lincRNA,YES,1,0,0,0,0,0,0,0,0,0,1,0,0,0,1,0,1,0,0,0,0,0,0,0,0,0
rs10148671,ENSG00000258028,RP11-148E17.1,lincRNA,YES,1,0,0,0,0,0,0,0,0,0,0,0,0,0,0,0,0,0,0,0,0,0,0,0,0,0
rs3808581,ENSG00000253430,RP11-14I17.2,sense_intronic,YES,1,0,0,0,0,0,0,0,0,0,0,0,0,0,0,0,0,0,0,0,0,0,0,0,0,0
rs56040937,ENSG00000266924,RP11-154H12.2,lincRNA,YES,1,0,0,0,0,0,0,0,0,0,0,0,0,0,0,0,0,0,0,0,0,0,0,0,0,0
rs7238071,ENSG00000267780,RP11-154H12.3,lincRNA,YES,1,0,0,0,0,0,0,0,0,0,0,0,0,0,0,0,0,0,0,0,0,0,0,0,0,0
rs61828917,ENSG00000227373,RP11-160H22.5,lincRNA,YES,1,0,0,0,0,0,0,0,0,0,1,0,0,0,1,0,0,0,0,0,0,0,0,0,0,0
rs6479487,ENSG00000237385,RP11-165J3.5,antisense,YES,1,0,0,0,0,0,0,0,0,0,0,0,0,0,0,0,0,0,0,0,0,0,0,0,0,0
rs6479487,ENSG00000227603,RP11-165J3.6,antisense,YES,1,0,0,0,0,1,0,1,1,0,1,0,1,1,1,0,0,0,0,0,0,0,0,0,0,1
rs12126806,ENSG00000229191,RP11-168O16.1,lincRNA,YES,1,0,0,0,0,0,0,0,0,0,1,0,0,0,0,0,0,0,0,0,0,0,0,0,0,0
rs12126806,ENSG00000234132,RP11-168O16.2,antisense,YES,1,0,0,0,0,0,0,0,0,0,0,0,0,0,0,0,0,0,0,0,0,0,0,0,0,0
rs2649999,ENSG00000255946,RP11-173P15.7,antisense,YES,1,0,0,0,0,0,0,0,0,0,0,0,0,0,0,0,0,0,0,0,0,0,0,0,0,0
rs11638554,ENSG00000259774,RP11-182J1.13,lincRNA,YES,0,0,0,0,1,0,0,0,0,0,1,1,1,0,1,1,1,1,0,0,0,0,0,0,0,0
rs11638554,ENSG00000259683,RP11-182J1.14,pseudogene,YES,0,0,0,0,1,1,0,0,0,0,1,1,1,1,1,1,1,1,0,0,0,0,0,0,0,0
rs11638554,ENSG00000259511,RP11-182J1.16,protein_coding,YES,0,0,0,0,0,1,0,0,0,0,1,1,0,0,1,1,1,1,0,0,0,0,0,0,0,0
rs9891739,ENSG00000261033,RP11-209D14.2,antisense,YES,1,0,0,0,0,0,0,0,0,0,1,0,0,0,1,0,1,0,0,0,0,0,0,0,0,0
rs10127983,ENSG00000231827,RP11-216N14.5,pseudogene,YES,1,0,0,0,0,0,0,0,0,0,0,0,0,0,0,0,0,0,0,0,0,0,0,0,0,0
rs10767734,ENSG00000255322,RP11-22P4.1,lincRNA,YES,1,0,0,0,0,0,0,0,0,0,0,0,0,0,0,0,0,0,0,0,0,0,0,0,0,0
rs10767734,ENSG00000254606,RP11-22P4.2,lincRNA,YES,1,0,0,0,0,0,0,0,0,0,0,0,0,0,0,0,0,0,0,0,0,0,0,0,0,0
rs10086619,ENSG00000253122,RP11-238I10.1,lincRNA,YES,1,0,0,0,0,0,0,0,0,0,0,0,0,0,0,0,0,0,0,0,0,0,0,0,0,0
rs11122119,ENSG00000228750,RP11-242F24.1,lincRNA,YES,1,0,0,0,0,0,0,0,0,0,0,0,0,0,0,0,0,0,0,0,0,0,0,0,0,0
rs79445414,ENSG00000254344,RP11-258J10.1,lincRNA,YES,1,0,0,0,0,0,0,0,0,0,0,0,0,0,0,0,0,0,0,0,0,0,0,0,0,0
rs2532240,ENSG00000261575,RP11-259G18.1,pseudogene,YES,1,0,0,0,0,0,0,0,0,0,1,1,0,0,1,1,1,1,0,0,0,0,0,0,0,0
rs2532240,ENSG00000262500,RP11-259G18.2,pseudogene,YES,1,0,0,0,0,0,0,0,0,0,0,0,0,0,0,0,0,0,0,0,0,0,0,0,0,0
rs2532240,ENSG00000262539,RP11-259G18.3,pseudogene,YES,1,0,0,0,0,0,0,0,0,0,0,0,0,0,0,0,0,0,0,0,0,0,0,0,0,0
rs4936215,ENSG00000213153,RP11-259P6.3,pseudogene,YES,1,0,0,0,0,0,0,0,0,0,0,0,0,0,0,0,0,0,0,0,0,0,0,0,0,0
rs7647398,ENSG00000242140,RP11-262M14.2,pseudogene,YES,1,0,0,0,0,0,0,0,0,0,0,0,0,0,0,0,0,0,0,0,0,0,0,0,0,0
rs1198588,ENSG00000269998,RP11-272L13.3,lincRNA,YES,1,0,0,0,0,0,0,0,0,0,0,0,0,0,0,0,0,0,0,0,0,0,0,0,0,0
rs7647398,ENSG00000241231,RP11-275H4.1,lincRNA,YES,1,0,0,0,0,0,0,0,0,0,1,0,0,0,1,0,1,0,0,0,0,0,0,0,0,0
rs1510136,ENSG00000250326,RP11-284M14.1,antisense,YES,1,0,0,0,0,0,0,0,0,0,0,0,1,0,0,0,0,0,0,0,0,0,0,0,0,0
rs2532240,ENSG00000265964,RP11-293E1.1,lincRNA,YES,1,0,0,0,0,0,0,0,0,0,0,0,0,0,0,0,0,0,0,0,0,0,0,0,0,0
rs2532240,ENSG00000265547,RP11-293E1.2,lincRNA,YES,1,0,0,0,0,0,0,0,0,0,0,0,0,0,0,0,0,0,0,0,0,0,0,0,0,0
rs12301769,ENSG00000257991,RP11-2H8.3,pseudogene,YES,1,0,0,0,0,0,0,0,0,0,0,0,0,0,0,0,0,0,0,0,0,0,0,0,0,0
rs6919146,ENSG00000227455,RP11-300M24.1,lincRNA,NO,1,0,0,0,0,0,0,0,0,0,1,0,0,0,0,0,0,0,0,0,0,0,0,0,0,0
rs79445414,ENSG00000253642,RP11-317N12.1,lincRNA,YES,1,0,0,0,0,0,0,0,0,0,1,0,0,0,0,0,0,0,0,0,0,0,0,0,0,0
rs2252074,ENSG00000237513,RP11-325F22.2,lincRNA,YES,1,0,0,0,0,0,0,0,0,0,0,0,0,0,0,0,0,0,0,0,0,0,0,0,0,0
rs7133857,ENSG00000257703,RP11-328J6.1,antisense,NO,1,0,0,0,0,0,0,0,0,0,0,0,0,0,0,0,0,0,0,0,0,0,0,0,0,0
rs10035564,ENSG00000248148,RP11-357F12.1,lincRNA,YES,1,0,0,0,0,0,0,0,0,0,0,0,0,0,0,0,0,0,0,0,0,0,0,0,0,0
rs55929115,ENSG00000243276,RP11-384F7.1,lincRNA,NO,1,0,0,0,0,0,0,0,0,0,0,0,0,0,0,0,0,0,0,0,0,0,0,0,0,0
rs55929115,ENSG00000239268,RP11-384F7.2,lincRNA,NO,1,0,0,0,0,0,0,0,0,0,0,0,0,0,0,0,0,0,0,0,0,0,0,0,0,0
rs505061,ENSG00000234840,RP11-399D6.2,lincRNA,YES,1,0,0,1,0,0,0,0,0,0,0,0,0,0,0,0,0,0,0,0,0,0,0,0,0,1
rs10767734,ENSG00000255094,RP11-406D1.2,lincRNA,YES,1,0,0,0,0,0,0,0,0,0,0,0,0,0,0,0,0,0,0,0,0,0,0,0,0,0
rs79445414,ENSG00000254302,RP11-431M3.1,lincRNA,YES,1,0,0,0,0,0,0,0,0,0,0,0,0,0,0,0,0,0,0,0,0,0,0,0,0,0
rs61786047,ENSG00000229388,RP11-442N24__B.1,lincRNA,YES,1,0,0,0,0,0,0,0,0,0,0,0,0,0,0,0,1,0,0,0,0,0,0,0,0,0
rs4672366,ENSG00000271955,RP11-444A22.1,lincRNA,YES,1,0,0,0,0,0,0,0,0,0,0,0,0,0,0,0,0,0,0,0,0,0,0,0,0,0
rs12138231,ENSG00000223945,RP11-458I7.1,pseudogene,YES,1,0,0,0,0,0,0,0,0,0,0,0,0,0,0,0,0,0,0,0,0,0,0,0,0,0
rs141216273,ENSG00000272048,RP11-458N5.1,lincRNA,NO,1,0,0,0,0,0,0,0,0,0,0,0,0,0,0,0,0,0,0,0,0,0,0,0,0,0
rs10873538,ENSG00000240624,RP11-45P15.2,pseudogene,YES,1,0,0,0,0,0,0,0,0,0,0,0,0,0,0,0,0,0,0,0,0,0,0,0,0,0
rs10873538,ENSG00000259775,RP11-45P15.4,antisense,YES,1,0,0,0,0,0,0,0,0,0,1,0,0,0,1,0,1,0,0,0,0,0,0,0,0,0
rs10117,ENSG00000271196,RP11-461O14.3,pseudogene,YES,1,0,0,0,0,0,0,0,0,0,0,0,0,0,0,0,0,0,0,0,0,0,0,0,0,0
rs4915203,ENSG00000230623,RP11-469A15.2,lincRNA,YES,1,0,0,0,0,0,0,0,0,0,0,0,0,0,0,0,0,0,0,0,0,0,0,0,0,0
rs4937935,ENSG00000255344,RP11-469N6.2,lincRNA,YES,1,0,0,0,0,0,0,0,0,0,0,0,0,0,0,0,0,0,0,0,0,0,0,0,0,0
rs28490262,ENSG00000242828,RP11-47P18.1,lincRNA,YES,1,0,0,0,0,0,0,0,0,0,0,0,0,0,0,0,0,0,0,0,0,0,0,0,0,0
rs28490262,ENSG00000242781,RP11-47P18.2,lincRNA,YES,1,0,0,0,0,0,0,0,0,0,0,0,0,0,0,0,0,0,0,0,0,0,0,0,0,0
rs28490262,ENSG00000242586,RP11-481N16.1,pseudogene,YES,1,0,0,0,0,0,0,0,0,0,0,0,0,0,0,0,0,0,0,0,0,0,0,0,0,0
rs1198588,ENSG00000259946,RP11-490G2.2,lincRNA,YES,1,0,0,0,1,0,0,0,1,0,1,1,0,0,1,0,1,1,0,0,0,0,0,0,0,1
rs35351411,ENSG00000259616,RP11-507B12.2,lincRNA,YES,1,0,0,1,0,0,0,0,0,0,0,0,0,0,0,0,0,0,0,0,0,0,0,0,0,1
rs10069930,ENSG00000250515,RP11-515C16.7,pseudogene,YES,1,0,0,0,0,0,0,0,0,0,0,0,0,0,0,0,0,0,0,0,0,0,0,0,0,0
rs10035564,ENSG00000272335,RP11-53O19.3,lincRNA,YES,0,0,0,0,0,1,0,0,1,0,1,1,1,1,1,1,1,1,0,0,0,0,0,0,0,1
rs1454606,ENSG00000248685,RP11-548L20.1,lincRNA,YES,1,0,0,0,0,0,0,0,0,0,0,0,0,0,0,0,0,0,0,0,0,0,0,0,0,0
rs1463209,ENSG00000258144,RP11-554L12.1,lincRNA,YES,1,0,0,0,0,0,0,0,0,0,0,0,0,0,0,0,0,0,0,0,0,0,0,0,0,0
rs1463209,ENSG00000257237,RP11-554L12.2,pseudogene,YES,1,0,0,0,0,0,0,0,0,0,0,0,0,0,0,0,0,0,0,0,0,0,0,0,0,0
rs1915019,ENSG00000253553,RP11-586K2.1,antisense,YES,1,0,0,0,1,0,0,0,1,0,1,1,0,0,1,1,1,1,0,0,0,0,0,0,0,1
rs10873538,ENSG00000243904,RP11-600F24.1,pseudogene,YES,1,0,0,0,0,0,0,0,0,0,0,0,0,0,0,0,0,0,0,0,0,0,0,0,0,0
rs77463171,ENSG00000261088,RP11-61A14.3,lincRNA,NO,1,0,0,0,0,0,0,0,0,0,1,0,0,0,0,0,0,0,0,0,0,0,0,0,0,0
rs2696466,ENSG00000262881,RP11-669E14.4,antisense,YES,0,0,0,0,1,0,0,0,0,0,1,1,0,0,1,1,1,1,0,0,0,0,0,0,0,0
rs1940171,ENSG00000245498,RP11-677M14.7,antisense,YES,1,0,0,0,0,0,0,0,0,0,1,0,0,0,1,0,1,0,0,0,0,0,0,0,0,0
rs356183,ENSG00000247775,RP11-67M1.1,antisense,YES,1,0,0,0,0,0,0,0,0,0,1,0,1,0,1,0,0,0,0,0,0,0,0,0,0,0
rs1915019,ENSG00000250962,RP11-69I13.1,pseudogene,YES,1,0,0,0,0,0,0,0,0,0,0,0,0,0,0,0,0,0,0,0,0,0,0,0,0,0
rs28490262,ENSG00000243694,RP11-6B4.1,lincRNA,YES,1,0,0,0,0,0,0,0,0,0,0,0,0,0,0,0,0,0,0,0,0,0,0,0,0,0
rs2696466,ENSG00000263503,RP11-707O23.5,pseudogene,YES,0,0,0,0,1,1,0,0,0,0,1,1,1,1,1,1,1,1,0,0,0,0,0,0,0,0
rs619091,ENSG00000204241,RP11-713P17.3,lincRNA,YES,1,0,0,0,0,0,0,0,0,0,1,0,0,0,1,0,1,0,0,0,0,0,0,0,0,0
rs619091,ENSG00000254648,RP11-713P17.4,lincRNA,YES,1,0,0,0,0,0,0,0,0,0,0,0,0,0,0,0,0,0,0,0,0,0,0,0,0,0
rs619091,ENSG00000255406,RP11-713P17.5,lincRNA,YES,1,0,0,0,0,0,0,0,0,0,0,0,0,0,0,0,0,0,0,0,0,0,0,0,0,0
rs79668541,ENSG00000272912,RP11-724N1.1,lincRNA,YES,1,0,0,0,0,0,0,0,0,0,1,0,0,0,0,0,0,0,0,0,0,0,0,0,0,0
rs10777187,ENSG00000270344,RP11-734K2.4,antisense,YES,1,0,0,0,0,0,0,0,0,0,1,0,1,0,1,0,1,0,0,0,0,0,0,0,0,0
rs10873538,ENSG00000256500,RP11-73M18.2,protein_coding,YES,1,0,0,0,1,0,0,0,1,1,1,1,0,0,0,0,1,1,0,1,1,0,0,0,0,1
rs58950470,ENSG00000255557,RP11-770G2.2,lincRNA,YES,1,0,0,0,0,0,0,0,0,0,1,0,0,0,0,0,0,0,0,0,0,0,0,0,0,0
rs2696466,ENSG00000267246,RP11-798G7.7,processed_transcript,YES,0,0,0,0,1,1,0,0,0,0,1,1,1,1,1,1,1,1,0,0,0,0,0,0,0,0
rs1454606,ENSG00000250723,RP11-79E3.2,lincRNA,YES,1,0,0,0,0,0,0,0,0,0,0,0,0,0,0,0,0,0,0,0,0,0,0,0,0,0
rs1454606,ENSG00000250954,RP11-79E3.3,lincRNA,YES,1,0,0,0,0,0,0,0,0,0,0,0,0,0,0,0,0,0,0,0,0,0,0,0,0,0
rs11638554,ENSG00000259415,RP11-7M10.2,sense_intronic,YES,1,0,0,0,0,0,0,0,0,0,0,0,0,0,0,0,0,0,0,0,0,0,0,0,0,0
rs10873538,ENSG00000258851,RP11-894P9.2,antisense,YES,1,0,0,0,0,0,0,0,0,0,0,0,0,0,0,0,0,0,0,0,0,0,0,0,0,0
rs6984242,ENSG00000253413,RP11-960H2.2,pseudogene,YES,1,0,0,0,0,0,0,0,0,0,0,0,0,0,0,0,0,0,0,0,0,0,0,0,0,0
rs2696466,ENSG00000266497,RP11-995C19.2,pseudogene,YES,0,0,0,0,0,1,0,0,0,0,0,0,1,1,0,0,0,0,0,0,0,0,0,0,0,0
rs12129573,ENSG00000233973,RP4-598G3.1,lincRNA,YES,1,0,0,0,0,0,0,0,0,0,0,0,0,0,0,0,0,0,0,0,0,0,0,0,0,0
rs12129573,ENSG00000225087,RP4-660H19.1,lincRNA,YES,1,0,0,0,0,0,0,0,0,0,0,0,0,0,0,0,0,0,0,0,0,0,0,0,0,0
rs2190864,ENSG00000266869,RP6-114E22.1,lincRNA,YES,1,0,0,0,0,0,0,0,0,0,0,0,0,0,0,0,0,0,0,0,0,0,0,0,0,0
rs11076631,ENSG00000167526,RPL13,protein_coding,YES,1,0,0,0,0,0,0,0,0,0,1,0,0,0,1,0,1,1,1,0,0,1,0,0,0,0
rs61828917,ENSG00000225713,RPL30P1,pseudogene,YES,1,0,0,0,0,0,0,0,0,0,0,0,0,0,0,0,0,0,0,0,0,0,0,0,0,0
rs7647398,ENSG00000235294,RPL7AP25,pseudogene,YES,1,0,0,0,0,0,0,0,0,0,0,0,0,0,0,0,0,0,0,0,0,0,0,0,0,0
rs59519965,ENSG00000137970,RPL7P9,pseudogene,YES,1,0,0,0,0,0,0,0,0,0,0,0,0,0,0,0,0,0,0,0,0,0,0,0,0,0
rs732381,ENSG00000187051,RPS19BP1,protein_coding,YES,1,0,0,0,0,0,0,0,0,0,0,0,0,0,0,0,0,0,0,0,0,0,0,0,0,0
rs2532240,ENSG00000204652,RPS26P8,pseudogene,YES,1,0,0,0,0,0,0,0,0,0,1,1,0,0,1,1,0,0,0,0,0,0,0,0,0,0
rs2304205,ENSG00000126461,SCAF1,protein_coding,YES,1,0,0,0,0,0,0,0,0,0,0,0,0,0,0,0,0,0,0,1,0,1,0,0,0,0
rs11638554,ENSG00000176700,SCAND2P,pseudogene,YES,1,0,0,0,0,0,0,0,0,0,1,0,0,0,1,0,1,0,0,0,0,0,0,0,0,0
rs73229090,ENSG00000168077,SCARA3,protein_coding,YES,1,0,0,0,0,0,0,0,0,0,1,0,0,0,1,0,1,0,0,0,0,0,0,0,0,0
rs11136325,ENSG00000180900,SCRIB,protein_coding,YES,1,0,0,0,0,0,0,0,0,0,1,0,0,0,0,0,0,0,1,0,1,1,0,0,0,0
rs61833239,ENSG00000054282,SDCCAG8,protein_coding,YES,1,0,0,0,0,0,0,0,0,0,1,0,0,0,1,0,1,1,0,0,1,0,0,0,0,0
rs3810450,ENSG00000205138,SDHAF1,protein_coding,YES,1,0,0,0,0,0,0,0,0,0,1,0,0,0,1,0,1,0,0,0,0,0,0,0,0,0
rs11638554,ENSG00000140612,SEC11A,protein_coding,YES,1,0,0,0,0,0,0,0,0,0,0,0,0,0,0,0,1,0,0,0,0,0,0,0,0,0
rs2929278,ENSG00000140264,SERF2,protein_coding,YES,1,0,0,0,0,0,0,0,0,0,0,0,0,0,0,0,0,0,0,0,0,0,0,0,0,0
rs2929278,ENSG00000184716,SERINC4,protein_coding,YES,1,0,0,0,0,0,0,0,0,0,0,0,0,0,0,0,0,0,0,0,0,0,0,0,0,0
rs61828917,ENSG00000117601,SERPINC1,protein_coding,YES,1,0,0,0,0,0,0,0,0,0,0,0,0,0,0,0,0,0,0,0,0,1,0,0,0,0
rs154433,ENSG00000103037,SETD6,protein_coding,YES,1,0,0,0,1,0,0,1,1,0,1,1,0,0,1,1,1,1,0,0,0,0,0,0,0,1
rs2914983,ENSG00000115524,SF3B1,protein_coding,YES,1,0,0,0,1,0,0,1,0,1,1,1,0,0,1,1,1,1,0,0,0,1,0,0,0,1
rs79668541,ENSG00000156398,SFXN2,protein_coding,YES,1,0,0,0,0,0,0,0,0,0,1,1,0,0,1,0,1,1,0,0,0,0,0,0,0,0
rs999494,ENSG00000144040,SFXN5,protein_coding,YES,1,0,0,0,0,0,0,0,0,0,1,0,0,0,1,0,1,0,0,0,0,0,0,0,0,0
rs12652777,ENSG00000170624,SGCD,protein_coding,YES,1,0,0,1,0,0,0,0,0,0,0,0,0,0,1,0,1,0,0,0,0,0,0,0,0,1
rs6010045,ENSG00000251322,SHANK3,protein_coding,YES,1,0,0,0,0,0,0,0,0,0,0,0,0,0,0,0,1,0,1,1,1,1,0,1,1,0
rs2224086,ENSG00000052723,SIKE1,protein_coding,NO,1,0,0,0,0,0,0,0,0,0,1,0,0,0,1,0,1,0,0,0,0,0,0,0,0,0
rs58950470,ENSG00000213445,SIPA1,protein_coding,YES,1,0,0,0,0,0,0,0,0,0,0,0,0,0,0,0,0,0,0,0,0,0,0,0,0,0
rs10127983,ENSG00000143570,SLC39A1,protein_coding,YES,1,0,0,0,0,0,0,0,0,0,0,0,0,0,0,0,1,0,0,0,0,0,0,0,0,0
rs13107325,ENSG00000138821,SLC39A8,protein_coding,YES,1,1,0,1,0,0,0,0,0,0,1,0,0,0,1,0,1,0,0,0,0,0,0,0,1,1
rs11121172,ENSG00000162426,SLC45A1,protein_coding,YES,1,0,0,0,0,0,0,0,0,0,1,1,0,0,1,0,0,0,0,0,0,0,0,0,0,0
rs2909457,ENSG00000144290,SLC4A10,protein_coding,YES,1,0,0,1,0,0,0,0,0,0,0,0,0,0,0,0,1,0,0,1,0,0,0,0,0,1
rs11210892,ENSG00000196517,SLC6A9,protein_coding,YES,1,0,0,0,0,0,0,0,0,0,0,0,0,0,0,0,0,0,1,1,0,0,0,0,0,0
rs6839635,ENSG00000164037,SLC9B1,protein_coding,YES,1,0,0,0,1,0,0,1,0,1,0,0,0,0,1,1,1,1,0,0,0,0,0,0,0,1
rs6839635,ENSG00000164038,SLC9B2,protein_coding,YES,1,0,0,0,0,0,0,0,0,0,0,0,0,0,1,0,1,0,0,0,0,0,0,0,0,0
rs61828917,ENSG00000162753,SLC9C2,protein_coding,YES,1,0,0,0,1,0,0,0,0,0,1,1,0,0,1,1,0,0,0,0,0,0,0,0,0,0
rs578470,ENSG00000066117,SMARCD1,protein_coding,YES,1,0,0,0,0,0,0,0,0,0,0,0,0,0,0,0,1,0,0,0,0,1,0,0,0,0
rs12943566,ENSG00000070366,SMG6,protein_coding,YES,1,0,0,0,0,0,0,0,0,0,1,0,0,0,1,0,0,0,0,0,0,1,0,0,0,0
rs2022265,ENSG00000065609,SNAP91,protein_coding,YES,1,0,0,1,1,0,0,1,1,0,1,1,0,0,1,1,1,1,1,1,0,1,0,0,0,1
rs356183,ENSG00000145335,SNCA,protein_coding,YES,1,0,0,0,0,0,0,0,0,0,1,0,0,0,1,1,1,0,1,1,1,0,0,0,0,0
rs35045093,ENSG00000197157,SND1,protein_coding,NO,1,0,0,0,0,0,0,0,0,0,1,0,0,0,1,0,1,1,0,0,0,1,0,0,0,0
rs61786047,ENSG00000242125,SNHG3,sense_intronic,YES,1,0,0,0,0,0,0,0,0,0,0,0,0,0,1,0,1,0,0,0,0,0,0,0,0,0
rs115325222,ENSG00000206958,SNORA70,snoRNA,YES,1,0,0,0,0,0,0,0,0,0,0,0,0,0,0,0,0,0,0,0,0,0,0,0,0,0
rs61786047,ENSG00000238821,snoU13,snoRNA,YES,1,0,0,0,0,0,0,0,0,0,0,0,0,0,0,0,0,0,0,0,0,0,0,0,0,0
rs7647398,ENSG00000242808,SOX2-OT,sense_overlapping,YES,1,0,0,0,0,0,0,0,0,0,0,0,0,0,1,0,1,0,0,0,0,0,0,0,0,0
rs7811417,ENSG00000105866,SP4,protein_coding,YES,1,0,0,1,0,0,0,0,0,0,1,1,0,0,1,1,1,1,0,1,0,1,1,0,0,1
rs11076631,ENSG00000158792,SPATA2L,protein_coding,YES,1,0,0,0,0,0,0,0,0,0,1,0,0,0,1,0,1,1,0,0,0,0,0,0,0,0
rs11076631,ENSG00000167523,SPATA33,protein_coding,YES,1,0,0,0,0,0,0,0,0,0,1,0,0,0,1,0,1,1,0,0,0,0,0,0,0,0
rs9891739,ENSG00000128487,SPECC1,protein_coding,YES,1,0,0,0,0,0,0,0,0,0,1,1,0,0,1,1,1,1,0,0,0,0,0,0,0,0
rs11076631,ENSG00000197912,SPG7,protein_coding,YES,1,0,0,0,0,0,0,0,0,0,1,0,0,0,1,0,1,0,0,1,1,0,0,0,0,0
rs11076631,ENSG00000204991,SPIRE2,protein_coding,YES,1,0,0,0,0,0,0,0,0,0,1,0,1,0,1,0,1,0,0,0,0,0,0,0,0,0
rs2532240,ENSG00000185294,SPPL2C,protein_coding,YES,1,0,0,0,0,0,0,0,0,0,1,1,0,0,1,0,1,0,0,0,0,0,0,0,0,0
rs2649999,ENSG00000157837,SPPL3,protein_coding,YES,1,0,0,0,0,0,0,0,0,0,1,0,0,0,1,0,1,0,0,1,0,1,0,0,0,0
rs2252074,ENSG00000135250,SRPK2,protein_coding,YES,1,0,0,0,0,0,0,0,0,0,1,0,0,0,1,0,1,0,0,0,0,1,0,0,0,0
rs12943566,ENSG00000167720,SRR,protein_coding,YES,1,0,0,0,0,0,0,0,0,0,1,0,1,0,1,0,1,0,0,1,1,0,0,0,0,0
rs11210892,ENSG00000126091,ST3GAL3,protein_coding,YES,1,0,0,0,0,0,0,0,0,0,0,0,0,0,0,0,0,0,0,0,0,0,0,0,0,0
rs7432375,ENSG00000118007,STAG1,protein_coding,YES,1,0,0,0,0,0,0,0,0,0,1,0,0,0,0,0,0,0,0,0,0,1,1,0,1,0
rs2532240,ENSG00000256762,STH,protein_coding,YES,1,0,0,0,0,0,0,0,0,0,1,1,0,0,0,0,1,0,0,0,0,0,0,0,0,0
rs12713008,ENSG00000068781,STON1-GTF2A1L,protein_coding,NO,1,0,0,0,0,0,0,0,0,0,0,0,1,0,0,0,0,0,0,0,0,0,0,0,0,0
rs2929278,ENSG00000242866,STRC,protein_coding,YES,1,0,0,0,0,0,0,0,0,0,1,1,0,0,1,1,1,1,0,0,1,0,0,0,0,0
rs3770752,ENSG00000115808,STRN,protein_coding,YES,1,0,0,0,0,0,0,0,0,0,1,1,0,0,1,0,1,0,0,0,1,1,0,0,0,0
rs11897811,ENSG00000233107,SUCLA2P2,pseudogene,YES,1,0,0,0,0,0,0,0,0,0,0,0,0,0,0,0,0,0,0,0,0,0,0,0,0,0
rs79668541,ENSG00000107882,SUFU,protein_coding,YES,1,0,0,0,0,0,0,0,0,0,1,0,0,0,0,0,0,0,0,0,0,1,0,0,0,0
rs2224086,ENSG00000198765,SYCP1,protein_coding,NO,1,0,0,0,0,0,0,0,0,0,0,0,0,0,0,0,0,0,0,0,0,1,0,0,0,0
rs11210892,ENSG00000198198,SZT2,protein_coding,YES,1,0,0,0,0,0,0,0,0,0,1,0,0,0,1,0,0,0,0,1,1,0,0,0,0,0
rs61786047,ENSG00000120656,TAF12,protein_coding,YES,1,0,0,0,0,0,0,0,0,0,0,0,0,0,0,0,0,0,0,0,0,0,0,0,0,0
rs3814883,ENSG00000149930,TAOK2,protein_coding,YES,1,0,0,0,0,0,0,0,0,0,0,0,0,0,0,0,1,1,1,1,1,1,0,0,0,0
rs12301769,ENSG00000121749,TBC1D15,protein_coding,YES,1,0,0,0,0,0,0,0,0,0,0,0,0,0,0,0,1,1,0,0,0,0,0,0,0,0
rs6577597,ENSG00000131374,TBC1D5,protein_coding,YES,1,0,0,0,0,0,0,0,0,0,0,0,0,0,1,0,1,1,0,0,0,0,0,0,0,0
rs7609876,ENSG00000177565,TBL1XR1,protein_coding,YES,1,0,0,0,0,0,0,0,0,0,0,0,0,0,0,0,1,0,0,0,0,1,0,1,1,0
rs11076631,ENSG00000141002,TCF25,protein_coding,YES,1,0,0,0,0,0,0,0,0,0,1,0,0,0,1,0,1,0,0,1,0,0,0,0,0,0
rs4766428,ENSG00000204852,TCTN1,protein_coding,YES,0,0,0,0,1,0,0,0,0,0,1,1,0,0,1,1,1,0,0,0,0,0,0,0,0,0
rs10873538,ENSG00000156414,TDRD9,protein_coding,YES,1,0,0,0,0,0,0,0,0,0,1,0,0,0,1,0,1,0,0,0,0,0,0,0,0,0
rs11122119,ENSG00000041988,THAP3,protein_coding,YES,1,0,0,0,0,0,0,0,0,0,1,0,0,0,1,0,1,1,0,0,0,0,0,0,0,0
rs3810450,ENSG00000161277,THAP8,protein_coding,YES,1,1,0,0,0,0,0,0,0,0,1,0,0,0,0,0,0,0,0,0,0,0,0,0,0,1
rs704364,ENSG00000163634,THOC7,protein_coding,YES,1,0,0,0,1,0,0,0,1,0,1,1,0,0,1,1,1,1,0,0,0,1,0,0,0,1
rs11210892,ENSG00000066056,TIE1,protein_coding,YES,1,0,0,0,0,0,0,0,0,0,1,0,0,0,1,0,1,0,0,0,0,0,0,0,0,0
rs2710323,ENSG00000213533,TMEM110,protein_coding,YES,0,0,0,0,1,0,0,0,0,0,1,1,0,0,1,1,1,1,0,0,1,1,0,0,0,0
rs7575796,ENSG00000075568,TMEM131,protein_coding,YES,1,0,0,0,0,0,0,0,0,0,1,0,0,0,1,0,0,0,0,0,0,1,0,0,0,0
rs115325222,ENSG00000164180,TMEM161B,protein_coding,YES,1,0,0,0,0,0,0,0,0,0,1,0,0,0,0,0,0,0,0,0,0,0,0,0,0,0
rs115325222,ENSG00000247828,TMEM161B-AS1,antisense,YES,1,0,0,0,0,0,0,0,0,0,1,0,0,0,1,0,1,0,0,0,0,0,0,0,0,0
rs3814883,ENSG00000149932,TMEM219,protein_coding,YES,1,0,0,0,0,0,0,0,0,0,1,1,0,0,1,1,1,1,0,0,0,0,0,0,0,0
rs7312697,ENSG00000133687,TMTC1,protein_coding,YES,1,0,0,1,0,0,0,0,0,0,1,0,0,0,1,0,1,0,0,0,0,0,0,0,0,1
rs7938083,ENSG00000213593,TMX2,protein_coding,YES,1,0,0,0,0,0,0,0,0,0,1,0,0,0,1,0,1,0,0,0,0,0,0,0,0,0
rs75968099,ENSG00000168016,TRANK1,protein_coding,YES,1,0,0,0,0,0,0,0,0,0,1,0,0,0,1,0,1,0,0,0,0,0,0,0,0,0
rs79668541,ENSG00000171206,TRIM8,protein_coding,YES,1,0,0,0,0,0,0,0,0,0,1,1,0,0,1,1,0,0,0,0,0,1,0,0,0,0
rs10873538,ENSG00000166166,TRMT61A,protein_coding,YES,1,0,0,0,0,0,0,0,0,0,1,0,0,0,1,0,1,0,0,0,0,0,0,0,0,0
rs61786047,ENSG00000180098,TRNAU1AP,protein_coding,YES,1,0,0,0,0,0,0,0,0,0,1,0,0,0,1,0,1,0,0,0,0,0,0,0,0,0
rs1924377,ENSG00000133107,TRPC4,protein_coding,YES,1,0,0,1,0,0,0,0,0,0,1,0,0,0,0,0,0,0,0,0,1,1,0,0,0,1
rs500102,ENSG00000119121,TRPM6,protein_coding,YES,1,0,0,0,0,0,0,0,0,0,0,0,0,0,0,0,0,0,0,0,0,0,0,0,0,0
rs13262595,ENSG00000171045,TSNARE1,protein_coding,YES,1,0,0,1,0,0,0,0,0,0,1,1,0,0,1,1,1,1,0,0,0,0,0,0,0,1
rs322128,ENSG00000130167,TSPAN16,protein_coding,YES,1,0,0,0,0,0,0,0,0,0,0,0,0,0,0,0,0,0,0,0,0,0,0,0,0,0
rs2224086,ENSG00000134198,TSPAN2,protein_coding,NO,1,0,0,0,0,0,0,0,0,0,1,0,0,0,1,0,1,0,0,0,0,0,0,0,0,0
rs1858999,ENSG00000178093,TSSK6,protein_coding,YES,1,0,0,0,0,0,0,0,0,0,1,1,0,0,0,0,0,0,0,0,0,0,0,0,0,0
rs11076631,ENSG00000258947,TUBB3,protein_coding,YES,1,0,0,0,0,0,0,0,0,0,1,0,0,0,1,0,0,0,0,1,1,1,0,0,0,0
rs10861176,ENSG00000198431,TXNRD1,protein_coding,YES,1,0,0,1,0,0,0,0,0,0,1,0,0,0,0,0,1,0,0,0,0,0,0,0,0,1
rs9687282,ENSG00000131508,UBE2D2,protein_coding,YES,1,0,0,0,0,0,0,0,0,0,0,0,0,0,0,0,0,0,0,0,0,1,0,0,0,0
rs6839635,ENSG00000109332,UBE2D3,protein_coding,YES,1,0,0,0,0,0,0,0,0,0,1,1,0,0,1,1,1,1,0,0,0,0,0,0,0,0
rs12138231,ENSG00000136631,VPS45,protein_coding,YES,1,0,0,0,0,0,0,0,0,0,1,1,0,0,1,1,1,1,1,0,0,0,0,0,0,0
rs2717003,ENSG00000028116,VRK2,protein_coding,YES,1,0,0,0,0,0,0,0,0,0,1,0,0,0,1,0,0,0,0,0,0,0,0,0,0,0
rs1940171,ENSG00000019102,VSIG2,protein_coding,YES,1,0,0,0,0,0,0,0,0,0,0,0,0,0,0,0,0,0,0,0,0,0,0,0,0,0
rs10238960,ENSG00000185274,WBSCR17,protein_coding,YES,1,0,0,1,0,0,0,0,0,0,1,0,0,0,0,0,0,0,0,0,0,0,0,0,0,1
rs3810450,ENSG00000075702,WDR62,protein_coding,YES,1,0,0,0,0,0,0,0,0,0,1,0,0,0,1,0,0,0,0,0,1,0,0,0,0,0
rs11638554,ENSG00000177082,WDR73,protein_coding,YES,1,0,0,0,0,0,0,0,0,0,1,0,0,0,1,1,1,0,0,0,0,0,0,0,0,0
rs2929278,ENSG00000092470,WDR76,protein_coding,YES,1,0,0,0,1,0,0,0,0,1,1,1,0,0,1,1,1,1,0,0,0,0,0,0,0,1
rs2710323,ENSG00000164091,WDR82,protein_coding,YES,0,0,0,0,1,0,0,0,0,0,0,0,0,0,0,0,1,1,0,0,0,1,0,0,0,0
rs7816998,ENSG00000147548,WHSC1L1,protein_coding,YES,1,0,0,0,0,0,0,0,0,0,0,0,0,0,0,0,0,0,0,0,0,1,0,0,0,0
rs2532240,ENSG00000108379,WNT3,protein_coding,YES,1,0,0,0,0,0,0,0,0,0,1,0,0,0,1,0,1,0,0,0,1,1,0,0,0,0
rs3764002,ENSG00000075035,WSCD2,protein_coding,YES,1,1,0,1,0,0,0,0,0,0,1,0,0,0,1,0,1,0,0,0,0,0,0,0,0,1
rs10873538,ENSG00000126215,XRCC3,protein_coding,YES,1,0,0,0,0,0,0,0,0,0,1,1,0,0,1,1,1,0,0,0,0,0,0,0,0,0
rs9287971,ENSG00000201088,Y_RNA,misc_RNA,YES,1,0,0,0,0,0,0,0,0,0,0,0,0,0,0,0,0,0,0,0,0,0,0,0,0,0
rs61786047,ENSG00000206779,Y_RNA,misc_RNA,YES,1,0,0,0,0,0,0,0,0,0,0,0,0,0,0,0,0,0,0,0,0,0,0,0,0,0
rs9687282,ENSG00000207020,Y_RNA,misc_RNA,YES,1,0,0,0,0,0,0,0,0,0,0,0,0,0,0,0,0,0,0,0,0,0,0,0,0,0
rs2532240,ENSG00000238723,Y_RNA,misc_RNA,YES,1,0,0,0,0,0,0,0,0,0,0,0,1,1,0,0,0,0,0,0,0,0,0,0,0,0
rs1858999,ENSG00000250067,YJEFN3,protein_coding,YES,1,0,0,0,0,0,0,0,0,0,0,0,0,0,0,0,1,0,0,0,0,0,0,0,0,0
rs61786047,ENSG00000198492,YTHDF2,protein_coding,YES,1,0,0,0,0,0,0,0,0,0,0,0,0,0,0,0,0,0,0,0,0,1,0,0,0,0
rs3752827,ENSG00000108953,YWHAE,protein_coding,YES,1,0,0,0,0,0,0,0,0,0,1,0,0,0,1,0,1,0,1,1,0,1,0,0,0,0
rs61828917,ENSG00000185278,ZBTB37,protein_coding,YES,1,0,0,0,0,0,0,0,0,0,1,1,0,0,1,1,0,0,0,0,0,0,0,0,0,0
rs11122119,ENSG00000204859,ZBTB48,protein_coding,YES,1,0,0,0,0,0,0,0,0,0,0,0,0,0,0,0,0,0,0,0,0,0,0,0,0,0
rs7938083,ENSG00000156599,ZDHHC5,protein_coding,YES,1,0,0,0,0,0,0,0,0,0,1,0,0,0,0,0,0,0,1,0,0,1,0,0,0,0
rs12991836,ENSG00000169554,ZEB2,protein_coding,YES,1,0,0,0,0,0,0,0,0,0,1,0,0,0,0,0,0,0,0,1,0,1,0,0,1,0
rs10873538,ENSG00000100711,ZFYVE21,protein_coding,YES,1,0,0,0,0,0,0,0,0,0,1,0,1,0,0,0,1,1,0,0,0,0,0,0,0,0
rs246024,ENSG00000146007,ZMAT2,protein_coding,YES,0,0,0,0,1,0,0,0,0,0,1,1,0,0,1,1,1,1,0,0,0,1,0,0,0,0
rs11076631,ENSG00000158805,ZNF276,protein_coding,YES,1,0,0,0,0,0,0,0,0,0,1,0,0,0,1,0,1,1,0,0,0,0,0,0,0,0
rs4915203,ENSG00000162702,ZNF281,protein_coding,YES,1,0,0,0,0,0,0,0,0,0,1,0,0,0,1,1,1,0,0,0,0,1,0,0,0,0
rs7915131,ENSG00000138311,ZNF365,protein_coding,YES,1,0,0,0,0,0,0,0,0,0,1,0,0,0,1,0,1,0,0,1,1,0,0,0,0,0
rs8104557,ENSG00000198597,ZNF536,protein_coding,NO,1,0,0,1,0,0,0,0,0,0,0,0,0,0,0,0,1,0,0,1,0,1,0,0,0,0
rs11638554,ENSG00000166716,ZNF592,protein_coding,YES,1,0,0,0,0,0,0,0,0,0,0,0,0,0,0,0,1,1,0,0,0,1,0,0,0,0
rs12311848,ENSG00000179195,ZNF664,protein_coding,NO,1,0,0,0,0,0,0,0,0,0,1,0,0,0,0,0,1,1,0,0,0,0,0,0,0,0
rs11693094,ENSG00000170396,ZNF804A,protein_coding,YES,1,0,0,1,0,0,0,0,0,0,1,1,0,0,1,1,1,1,0,0,1,0,0,0,0,1
rs72986630,ENSG00000197933,ZNF823,protein_coding,YES,1,0,1,1,0,0,1,1,1,0,1,1,0,0,1,1,1,1,0,0,0,0,0,0,0,1
rs758749,ENSG00000127903,ZNF835,protein_coding,YES,1,1,0,0,0,0,0,0,0,0,1,0,1,0,0,0,1,0,0,0,0,0,0,0,0,1
rs11638554,ENSG00000176371,ZSCAN2,protein_coding,YES,1,0,0,0,0,0,0,0,0,0,1,1,0,0,1,1,0,0,0,0,0,0,0,0,0,0
rs7701440,ENSG00000130449,ZSWIM6,protein_coding,YES,1,0,0,0,0,0,0,0,0,0,0,0,0,0,0,0,0,0,0,0,1,0,0,0,0,0